,date,period,state_x,calls,frustration,state_y,code,fips
0,2019-01,Pre,AK,2,6.5,Alaska,AK,2
1,2019-01,Pre,AL,22,3.8636363636363638,Alabama,AL,1
2,2019-01,Pre,AR,6,3.6666666666666665,Arkansas,AR,5
3,2019-01,Pre,AZ,31,5.67741935483871,Arizona,AZ,4
4,2019-01,Pre,CA,139,4.014388489208633,California,CA,6
5,2019-01,Pre,CO,20,4.8,Colorado,CO,8
6,2019-01,Pre,CT,10,3.5,Connecticut,CT,9
7,2019-01,Pre,DC,3,5.666666666666667,District of Columbia,DC,11
8,2019-01,Pre,DE,4,4.0,Delaware,DE,10
9,2019-01,Pre,FL,73,4.1506849315068495,Florida,FL,12
10,2019-01,Pre,GA,43,4.069767441860465,Georgia,GA,13
11,2019-01,Pre,HI,6,4.0,Hawaii,HI,15
12,2019-01,Pre,IA,15,4.0,Iowa,IA,19
13,2019-01,Pre,ID,7,3.857142857142857,Idaho,ID,16
14,2019-01,Pre,IL,55,5.927272727272728,Illinois,IL,17
15,2019-01,Pre,IN,34,3.911764705882353,Indiana,IN,18
16,2019-01,Pre,KS,13,3.769230769230769,Kansas,KS,20
17,2019-01,Pre,KY,14,3.7142857142857144,Kentucky,KY,21
18,2019-01,Pre,LA,17,6.176470588235294,Louisiana,LA,22
19,2019-01,Pre,MA,22,3.772727272727273,Massachusetts,MA,25
20,2019-01,Pre,MD,20,4.15,Maryland,MD,24
21,2019-01,Pre,ME,7,3.2857142857142856,Maine,ME,23
22,2019-01,Pre,MI,42,3.9761904761904763,Michigan,MI,26
23,2019-01,Pre,MN,35,4.0285714285714285,Minnesota,MN,27
24,2019-01,Pre,MO,26,4.0,Missouri,MO,29
25,2019-01,Pre,MS,10,6.4,Mississippi,MS,28
26,2019-01,Pre,MT,7,3.5714285714285716,Montana,MT,30
27,2019-01,Pre,NC,46,4.456521739130435,North Carolina,NC,37
28,2019-01,Pre,ND,3,4.333333333333333,North Dakota,ND,38
29,2019-01,Pre,NE,9,3.7777777777777777,Nebraska,NE,31
30,2019-01,Pre,NH,9,3.5555555555555554,New Hampshire,NH,33
31,2019-01,Pre,NJ,39,4.128205128205129,New Jersey,NJ,34
32,2019-01,Pre,NM,12,5.916666666666667,New Mexico,NM,35
33,2019-01,Pre,NV,15,4.4,Nevada,NV,32
34,2019-01,Pre,NY,78,4.115384615384615,New York,NY,36
35,2019-01,Pre,OH,41,5.658536585365853,Ohio,OH,39
36,2019-01,Pre,OK,17,4.117647058823529,Oklahoma,OK,40
37,2019-01,Pre,OR,14,4.142857142857143,Oregon,OR,41
38,2019-01,Pre,PA,53,3.8867924528301887,Pennsylvania,PA,42
39,2019-01,Pre,RI,3,4.666666666666667,Rhode Island,RI,44
40,2019-01,Pre,SC,21,3.380952380952381,South Carolina,SC,45
41,2019-01,Pre,SD,5,4.0,South Dakota,SD,46
42,2019-01,Pre,TN,27,3.925925925925926,Tennessee,TN,47
43,2019-01,Pre,TX,125,4.056,Texas,TX,48
44,2019-01,Pre,UT,10,4.8,Utah,UT,49
45,2019-01,Pre,VA,33,3.9393939393939394,Virginia,VA,51
46,2019-01,Pre,VT,5,4.4,Vermont,VT,50
47,2019-01,Pre,WA,40,5.975,Washington,WA,53
48,2019-01,Pre,WI,20,4.1,Wisconsin,WI,55
49,2019-01,Pre,WV,9,6.111111111111111,West Virginia,WV,54
50,2019-01,Pre,WY,3,3.3333333333333335,Wyoming,WY,56
51,2019-02,Pre,AK,3,6.333333333333333,Alaska,AK,2
52,2019-02,Pre,AL,23,3.9130434782608696,Alabama,AL,1
53,2019-02,Pre,AR,13,3.3846153846153846,Arkansas,AR,5
54,2019-02,Pre,AZ,31,3.903225806451613,Arizona,AZ,4
55,2019-02,Pre,CA,163,3.932515337423313,California,CA,6
56,2019-02,Pre,CO,18,3.888888888888889,Colorado,CO,8
57,2019-02,Pre,CT,10,3.8,Connecticut,CT,9
58,2019-02,Pre,DC,4,5.75,District of Columbia,DC,11
59,2019-02,Pre,DE,3,4.333333333333333,Delaware,DE,10
60,2019-02,Pre,FL,82,4.097560975609756,Florida,FL,12
61,2019-02,Pre,GA,45,4.2,Georgia,GA,13
62,2019-02,Pre,HI,3,3.6666666666666665,Hawaii,HI,15
63,2019-02,Pre,IA,12,4.0,Iowa,IA,19
64,2019-02,Pre,ID,12,4.25,Idaho,ID,16
65,2019-02,Pre,IL,45,4.288888888888889,Illinois,IL,17
66,2019-02,Pre,IN,27,4.148148148148148,Indiana,IN,18
67,2019-02,Pre,KS,9,3.4444444444444446,Kansas,KS,20
68,2019-02,Pre,KY,18,4.388888888888889,Kentucky,KY,21
69,2019-02,Pre,LA,18,4.222222222222222,Louisiana,LA,22
70,2019-02,Pre,MA,36,3.638888888888889,Massachusetts,MA,25
71,2019-02,Pre,MD,23,4.217391304347826,Maryland,MD,24
72,2019-02,Pre,ME,5,4.0,Maine,ME,23
73,2019-02,Pre,MI,49,4.1020408163265305,Michigan,MI,26
74,2019-02,Pre,MN,18,4.722222222222222,Minnesota,MN,27
75,2019-02,Pre,MO,23,3.652173913043478,Missouri,MO,29
76,2019-02,Pre,MS,18,5.833333333333333,Mississippi,MS,28
77,2019-02,Pre,MT,8,4.625,Montana,MT,30
78,2019-02,Pre,NC,46,3.9565217391304346,North Carolina,NC,37
79,2019-02,Pre,ND,2,3.5,North Dakota,ND,38
80,2019-02,Pre,NE,8,3.75,Nebraska,NE,31
81,2019-02,Pre,NH,6,3.8333333333333335,New Hampshire,NH,33
82,2019-02,Pre,NJ,39,4.0,New Jersey,NJ,34
83,2019-02,Pre,NM,10,6.1,New Mexico,NM,35
84,2019-02,Pre,NV,13,4.230769230769231,Nevada,NV,32
85,2019-02,Pre,NY,74,4.054054054054054,New York,NY,36
86,2019-02,Pre,OH,44,3.8636363636363638,Ohio,OH,39
87,2019-02,Pre,OK,12,4.416666666666667,Oklahoma,OK,40
88,2019-02,Pre,OR,15,4.466666666666667,Oregon,OR,41
89,2019-02,Pre,PA,65,3.7846153846153845,Pennsylvania,PA,42
90,2019-02,Pre,RI,2,5.5,Rhode Island,RI,44
91,2019-02,Pre,SC,25,4.16,South Carolina,SC,45
92,2019-02,Pre,SD,7,4.571428571428571,South Dakota,SD,46
93,2019-02,Pre,TN,30,4.166666666666667,Tennessee,TN,47
94,2019-02,Pre,TX,137,4.0510948905109485,Texas,TX,48
95,2019-02,Pre,UT,5,4.6,Utah,UT,49
96,2019-02,Pre,VA,38,4.131578947368421,Virginia,VA,51
97,2019-02,Pre,VT,4,2.25,Vermont,VT,50
98,2019-02,Pre,WA,29,5.689655172413793,Washington,WA,53
99,2019-02,Pre,WI,25,3.84,Wisconsin,WI,55
100,2019-02,Pre,WV,4,6.25,West Virginia,WV,54
101,2019-02,Pre,WY,1,4.0,Wyoming,WY,56
102,2019-03,Pre,AK,4,6.5,Alaska,AK,2
103,2019-03,Pre,AL,27,4.148148148148148,Alabama,AL,1
104,2019-03,Pre,AR,15,4.666666666666667,Arkansas,AR,5
105,2019-03,Pre,AZ,35,4.114285714285714,Arizona,AZ,4
106,2019-03,Pre,CA,175,4.228571428571429,California,CA,6
107,2019-03,Pre,CO,26,4.076923076923077,Colorado,CO,8
108,2019-03,Pre,CT,12,3.8333333333333335,Connecticut,CT,9
109,2019-03,Pre,DC,3,6.666666666666667,District of Columbia,DC,11
110,2019-03,Pre,DE,5,3.2,Delaware,DE,10
111,2019-03,Pre,FL,115,4.078260869565217,Florida,FL,12
112,2019-03,Pre,GA,44,4.204545454545454,Georgia,GA,13
113,2019-03,Pre,HI,5,2.2,Hawaii,HI,15
114,2019-03,Pre,IA,14,3.7142857142857144,Iowa,IA,19
115,2019-03,Pre,ID,9,4.111111111111111,Idaho,ID,16
116,2019-03,Pre,IL,59,3.9491525423728815,Illinois,IL,17
117,2019-03,Pre,IN,19,4.0,Indiana,IN,18
118,2019-03,Pre,KS,15,3.8,Kansas,KS,20
119,2019-03,Pre,KY,22,3.9545454545454546,Kentucky,KY,21
120,2019-03,Pre,LA,13,3.8461538461538463,Louisiana,LA,22
121,2019-03,Pre,MA,30,4.033333333333333,Massachusetts,MA,25
122,2019-03,Pre,MD,31,4.032258064516129,Maryland,MD,24
123,2019-03,Pre,ME,5,3.6,Maine,ME,23
124,2019-03,Pre,MI,44,4.568181818181818,Michigan,MI,26
125,2019-03,Pre,MN,24,3.7083333333333335,Minnesota,MN,27
126,2019-03,Pre,MO,28,4.392857142857143,Missouri,MO,29
127,2019-03,Pre,MS,10,5.7,Mississippi,MS,28
128,2019-03,Pre,MT,4,4.75,Montana,MT,30
129,2019-03,Pre,NC,47,4.0,North Carolina,NC,37
130,2019-03,Pre,ND,1,4.0,North Dakota,ND,38
131,2019-03,Pre,NE,9,3.6666666666666665,Nebraska,NE,31
132,2019-03,Pre,NH,11,4.363636363636363,New Hampshire,NH,33
133,2019-03,Pre,NJ,38,4.026315789473684,New Jersey,NJ,34
134,2019-03,Pre,NM,10,4.2,New Mexico,NM,35
135,2019-03,Pre,NV,10,3.4,Nevada,NV,32
136,2019-03,Pre,NY,112,3.9910714285714284,New York,NY,36
137,2019-03,Pre,OH,64,4.078125,Ohio,OH,39
138,2019-03,Pre,OK,12,4.416666666666667,Oklahoma,OK,40
139,2019-03,Pre,OR,16,4.1875,Oregon,OR,41
140,2019-03,Pre,PA,66,3.9242424242424243,Pennsylvania,PA,42
141,2019-03,Pre,RI,4,3.25,Rhode Island,RI,44
142,2019-03,Pre,SC,22,3.8636363636363638,South Carolina,SC,45
143,2019-03,Pre,SD,3,3.3333333333333335,South Dakota,SD,46
144,2019-03,Pre,TN,23,3.9565217391304346,Tennessee,TN,47
145,2019-03,Pre,TX,126,4.0476190476190474,Texas,TX,48
146,2019-03,Pre,UT,11,3.272727272727273,Utah,UT,49
147,2019-03,Pre,VA,37,4.216216216216216,Virginia,VA,51
148,2019-03,Pre,VT,3,3.3333333333333335,Vermont,VT,50
149,2019-03,Pre,WA,29,3.8620689655172415,Washington,WA,53
150,2019-03,Pre,WI,29,4.655172413793103,Wisconsin,WI,55
151,2019-03,Pre,WV,3,6.0,West Virginia,WV,54
152,2019-03,Pre,WY,1,4.0,Wyoming,WY,56
153,2019-04,Pre,AK,3,5.666666666666667,Alaska,AK,2
154,2019-04,Pre,AL,15,4.4,Alabama,AL,1
155,2019-04,Pre,AR,12,3.5,Arkansas,AR,5
156,2019-04,Pre,AZ,26,4.076923076923077,Arizona,AZ,4
157,2019-04,Pre,CA,181,4.099447513812155,California,CA,6
158,2019-04,Pre,CO,29,4.0,Colorado,CO,8
159,2019-04,Pre,CT,18,3.888888888888889,Connecticut,CT,9
160,2019-04,Pre,DC,4,3.25,District of Columbia,DC,11
161,2019-04,Pre,DE,8,3.75,Delaware,DE,10
162,2019-04,Pre,FL,101,4.178217821782178,Florida,FL,12
163,2019-04,Pre,GA,37,4.054054054054054,Georgia,GA,13
164,2019-04,Pre,HI,3,2.0,Hawaii,HI,15
165,2019-04,Pre,IA,17,2.588235294117647,Iowa,IA,19
166,2019-04,Pre,ID,8,3.875,Idaho,ID,16
167,2019-04,Pre,IL,49,3.979591836734694,Illinois,IL,17
168,2019-04,Pre,IN,29,4.344827586206897,Indiana,IN,18
169,2019-04,Pre,KS,18,4.388888888888889,Kansas,KS,20
170,2019-04,Pre,KY,17,4.235294117647059,Kentucky,KY,21
171,2019-04,Pre,LA,17,3.9411764705882355,Louisiana,LA,22
172,2019-04,Pre,MA,38,4.2631578947368425,Massachusetts,MA,25
173,2019-04,Pre,MD,25,3.88,Maryland,MD,24
174,2019-04,Pre,ME,9,3.6666666666666665,Maine,ME,23
175,2019-04,Pre,MI,48,4.208333333333333,Michigan,MI,26
176,2019-04,Pre,MN,18,3.5,Minnesota,MN,27
177,2019-04,Pre,MO,31,4.032258064516129,Missouri,MO,29
178,2019-04,Pre,MS,15,4.066666666666666,Mississippi,MS,28
179,2019-04,Pre,MT,5,4.0,Montana,MT,30
180,2019-04,Pre,NC,46,3.847826086956522,North Carolina,NC,37
181,2019-04,Pre,ND,7,3.0,North Dakota,ND,38
182,2019-04,Pre,NE,7,3.857142857142857,Nebraska,NE,31
183,2019-04,Pre,NH,5,3.0,New Hampshire,NH,33
184,2019-04,Pre,NJ,28,3.7857142857142856,New Jersey,NJ,34
185,2019-04,Pre,NM,9,4.333333333333333,New Mexico,NM,35
186,2019-04,Pre,NV,12,4.0,Nevada,NV,32
187,2019-04,Pre,NY,108,4.203703703703703,New York,NY,36
188,2019-04,Pre,OH,43,3.9767441860465116,Ohio,OH,39
189,2019-04,Pre,OK,21,4.0,Oklahoma,OK,40
190,2019-04,Pre,OR,20,4.05,Oregon,OR,41
191,2019-04,Pre,PA,50,3.86,Pennsylvania,PA,42
192,2019-04,Pre,RI,6,3.8333333333333335,Rhode Island,RI,44
193,2019-04,Pre,SC,20,3.55,South Carolina,SC,45
194,2019-04,Pre,SD,1,4.0,South Dakota,SD,46
195,2019-04,Pre,TN,31,4.0,Tennessee,TN,47
196,2019-04,Pre,TX,133,4.323308270676692,Texas,TX,48
197,2019-04,Pre,UT,13,2.5384615384615383,Utah,UT,49
198,2019-04,Pre,VA,27,2.7037037037037037,Virginia,VA,51
199,2019-04,Pre,VT,5,2.6,Vermont,VT,50
200,2019-04,Pre,WA,32,4.0,Washington,WA,53
201,2019-04,Pre,WI,25,4.28,Wisconsin,WI,55
202,2019-04,Pre,WV,8,3.875,West Virginia,WV,54
203,2019-04,Pre,WY,2,4.5,Wyoming,WY,56
204,2019-05,Pre,AK,2,5.5,Alaska,AK,2
205,2019-05,Pre,AL,18,4.277777777777778,Alabama,AL,1
206,2019-05,Pre,AR,8,3.75,Arkansas,AR,5
207,2019-05,Pre,AZ,27,3.962962962962963,Arizona,AZ,4
208,2019-05,Pre,CA,152,4.0855263157894735,California,CA,6
209,2019-05,Pre,CO,22,2.5454545454545454,Colorado,CO,8
210,2019-05,Pre,CT,11,4.363636363636363,Connecticut,CT,9
211,2019-05,Pre,DC,2,6.0,District of Columbia,DC,11
212,2019-05,Pre,DE,3,4.666666666666667,Delaware,DE,10
213,2019-05,Pre,FL,106,4.2075471698113205,Florida,FL,12
214,2019-05,Pre,GA,48,4.125,Georgia,GA,13
215,2019-05,Pre,HI,4,2.0,Hawaii,HI,15
216,2019-05,Pre,IA,14,2.5,Iowa,IA,19
217,2019-05,Pre,ID,7,2.2857142857142856,Idaho,ID,16
218,2019-05,Pre,IL,52,4.1923076923076925,Illinois,IL,17
219,2019-05,Pre,IN,39,3.6923076923076925,Indiana,IN,18
220,2019-05,Pre,KS,11,3.4545454545454546,Kansas,KS,20
221,2019-05,Pre,KY,15,3.933333333333333,Kentucky,KY,21
222,2019-05,Pre,LA,22,4.2727272727272725,Louisiana,LA,22
223,2019-05,Pre,MA,29,4.0344827586206895,Massachusetts,MA,25
224,2019-05,Pre,MD,35,4.0,Maryland,MD,24
225,2019-05,Pre,ME,3,3.0,Maine,ME,23
226,2019-05,Pre,MI,31,3.838709677419355,Michigan,MI,26
227,2019-05,Pre,MN,31,4.0,Minnesota,MN,27
228,2019-05,Pre,MO,16,4.1875,Missouri,MO,29
229,2019-05,Pre,MS,11,5.818181818181818,Mississippi,MS,28
230,2019-05,Pre,MT,2,4.5,Montana,MT,30
231,2019-05,Pre,NC,46,3.739130434782609,North Carolina,NC,37
232,2019-05,Pre,ND,2,2.0,North Dakota,ND,38
233,2019-05,Pre,NE,8,4.0,Nebraska,NE,31
234,2019-05,Pre,NH,4,2.0,New Hampshire,NH,33
235,2019-05,Pre,NJ,40,3.525,New Jersey,NJ,34
236,2019-05,Pre,NM,9,4.333333333333333,New Mexico,NM,35
237,2019-05,Pre,NV,12,4.583333333333333,Nevada,NV,32
238,2019-05,Pre,NY,83,4.120481927710843,New York,NY,36
239,2019-05,Pre,OH,48,4.0,Ohio,OH,39
240,2019-05,Pre,OK,20,4.4,Oklahoma,OK,40
241,2019-05,Pre,OR,19,3.736842105263158,Oregon,OR,41
242,2019-05,Pre,PA,72,3.986111111111111,Pennsylvania,PA,42
243,2019-05,Pre,RI,1,3.0,Rhode Island,RI,44
244,2019-05,Pre,SC,12,4.666666666666667,South Carolina,SC,45
245,2019-05,Pre,SD,4,4.25,South Dakota,SD,46
246,2019-05,Pre,TN,22,4.318181818181818,Tennessee,TN,47
247,2019-05,Pre,TX,119,4.067226890756302,Texas,TX,48
248,2019-05,Pre,UT,14,2.4285714285714284,Utah,UT,49
249,2019-05,Pre,VA,31,3.967741935483871,Virginia,VA,51
250,2019-05,Pre,VT,1,3.0,Vermont,VT,50
251,2019-05,Pre,WA,32,3.875,Washington,WA,53
252,2019-05,Pre,WI,25,4.56,Wisconsin,WI,55
253,2019-05,Pre,WV,11,4.090909090909091,West Virginia,WV,54
254,2019-05,Pre,WY,4,4.25,Wyoming,WY,56
255,2019-06,Pre,AL,19,3.8421052631578947,Alabama,AL,1
256,2019-06,Pre,AR,15,3.933333333333333,Arkansas,AR,5
257,2019-06,Pre,AZ,30,5.966666666666667,Arizona,AZ,4
258,2019-06,Pre,CA,144,3.951388888888889,California,CA,6
259,2019-06,Pre,CO,25,4.4,Colorado,CO,8
260,2019-06,Pre,CT,9,4.111111111111111,Connecticut,CT,9
261,2019-06,Pre,DC,1,7.0,District of Columbia,DC,11
262,2019-06,Pre,DE,3,4.0,Delaware,DE,10
263,2019-06,Pre,FL,80,3.9375,Florida,FL,12
264,2019-06,Pre,GA,50,3.86,Georgia,GA,13
265,2019-06,Pre,HI,2,4.0,Hawaii,HI,15
266,2019-06,Pre,IA,14,4.0,Iowa,IA,19
267,2019-06,Pre,ID,7,2.5714285714285716,Idaho,ID,16
268,2019-06,Pre,IL,49,4.1020408163265305,Illinois,IL,17
269,2019-06,Pre,IN,24,3.9166666666666665,Indiana,IN,18
270,2019-06,Pre,KS,12,4.083333333333333,Kansas,KS,20
271,2019-06,Pre,KY,22,4.2272727272727275,Kentucky,KY,21
272,2019-06,Pre,LA,14,6.0,Louisiana,LA,22
273,2019-06,Pre,MA,19,4.2105263157894735,Massachusetts,MA,25
274,2019-06,Pre,MD,22,4.0,Maryland,MD,24
275,2019-06,Pre,ME,6,2.3333333333333335,Maine,ME,23
276,2019-06,Pre,MI,33,3.606060606060606,Michigan,MI,26
277,2019-06,Pre,MN,33,4.121212121212121,Minnesota,MN,27
278,2019-06,Pre,MO,27,4.111111111111111,Missouri,MO,29
279,2019-06,Pre,MS,18,5.888888888888889,Mississippi,MS,28
280,2019-06,Pre,MT,3,3.6666666666666665,Montana,MT,30
281,2019-06,Pre,NC,43,4.3023255813953485,North Carolina,NC,37
282,2019-06,Pre,ND,3,3.3333333333333335,North Dakota,ND,38
283,2019-06,Pre,NE,8,3.5,Nebraska,NE,31
284,2019-06,Pre,NH,2,2.5,New Hampshire,NH,33
285,2019-06,Pre,NJ,32,4.375,New Jersey,NJ,34
286,2019-06,Pre,NM,11,6.0,New Mexico,NM,35
287,2019-06,Pre,NV,13,4.230769230769231,Nevada,NV,32
288,2019-06,Pre,NY,76,4.184210526315789,New York,NY,36
289,2019-06,Pre,OH,43,4.093023255813954,Ohio,OH,39
290,2019-06,Pre,OK,15,4.133333333333334,Oklahoma,OK,40
291,2019-06,Pre,OR,14,4.285714285714286,Oregon,OR,41
292,2019-06,Pre,PA,42,3.880952380952381,Pennsylvania,PA,42
293,2019-06,Pre,RI,3,3.0,Rhode Island,RI,44
294,2019-06,Pre,SC,18,4.0,South Carolina,SC,45
295,2019-06,Pre,SD,2,3.5,South Dakota,SD,46
296,2019-06,Pre,TN,32,3.875,Tennessee,TN,47
297,2019-06,Pre,TX,105,3.9238095238095236,Texas,TX,48
298,2019-06,Pre,UT,8,3.75,Utah,UT,49
299,2019-06,Pre,VA,27,3.814814814814815,Virginia,VA,51
300,2019-06,Pre,VT,1,2.0,Vermont,VT,50
301,2019-06,Pre,WA,27,4.037037037037037,Washington,WA,53
302,2019-06,Pre,WI,22,4.045454545454546,Wisconsin,WI,55
303,2019-06,Pre,WV,6,5.833333333333333,West Virginia,WV,54
304,2019-06,Pre,WY,6,3.8333333333333335,Wyoming,WY,56
305,2019-07,Pre,AK,1,7.0,Alaska,AK,2
306,2019-07,Pre,AL,20,4.15,Alabama,AL,1
307,2019-07,Pre,AR,16,4.625,Arkansas,AR,5
308,2019-07,Pre,AZ,36,5.75,Arizona,AZ,4
309,2019-07,Pre,CA,176,4.056818181818182,California,CA,6
310,2019-07,Pre,CO,27,3.925925925925926,Colorado,CO,8
311,2019-07,Pre,CT,23,3.869565217391304,Connecticut,CT,9
312,2019-07,Pre,DC,4,6.0,District of Columbia,DC,11
313,2019-07,Pre,DE,2,4.0,Delaware,DE,10
314,2019-07,Pre,FL,95,4.073684210526316,Florida,FL,12
315,2019-07,Pre,GA,36,3.861111111111111,Georgia,GA,13
316,2019-07,Pre,HI,7,4.142857142857143,Hawaii,HI,15
317,2019-07,Pre,IA,15,4.266666666666667,Iowa,IA,19
318,2019-07,Pre,ID,10,4.2,Idaho,ID,16
319,2019-07,Pre,IL,58,3.9827586206896552,Illinois,IL,17
320,2019-07,Pre,IN,22,3.909090909090909,Indiana,IN,18
321,2019-07,Pre,KS,11,4.454545454545454,Kansas,KS,20
322,2019-07,Pre,KY,23,3.9565217391304346,Kentucky,KY,21
323,2019-07,Pre,LA,19,5.684210526315789,Louisiana,LA,22
324,2019-07,Pre,MA,24,3.8333333333333335,Massachusetts,MA,25
325,2019-07,Pre,MD,26,4.269230769230769,Maryland,MD,24
326,2019-07,Pre,ME,3,5.333333333333333,Maine,ME,23
327,2019-07,Pre,MI,40,4.35,Michigan,MI,26
328,2019-07,Pre,MN,18,4.333333333333333,Minnesota,MN,27
329,2019-07,Pre,MO,29,4.103448275862069,Missouri,MO,29
330,2019-07,Pre,MS,14,6.071428571428571,Mississippi,MS,28
331,2019-07,Pre,MT,4,4.25,Montana,MT,30
332,2019-07,Pre,NC,44,3.8636363636363638,North Carolina,NC,37
333,2019-07,Pre,ND,3,3.6666666666666665,North Dakota,ND,38
334,2019-07,Pre,NE,9,3.888888888888889,Nebraska,NE,31
335,2019-07,Pre,NH,7,3.857142857142857,New Hampshire,NH,33
336,2019-07,Pre,NJ,45,3.911111111111111,New Jersey,NJ,34
337,2019-07,Pre,NM,10,6.1,New Mexico,NM,35
338,2019-07,Pre,NV,13,3.8461538461538463,Nevada,NV,32
339,2019-07,Pre,NY,84,3.9404761904761907,New York,NY,36
340,2019-07,Pre,OH,45,3.8666666666666667,Ohio,OH,39
341,2019-07,Pre,OK,16,4.1875,Oklahoma,OK,40
342,2019-07,Pre,OR,28,4.357142857142857,Oregon,OR,41
343,2019-07,Pre,PA,50,4.1,Pennsylvania,PA,42
344,2019-07,Pre,RI,4,4.5,Rhode Island,RI,44
345,2019-07,Pre,SC,24,4.5,South Carolina,SC,45
346,2019-07,Pre,SD,5,3.4,South Dakota,SD,46
347,2019-07,Pre,TN,27,3.6666666666666665,Tennessee,TN,47
348,2019-07,Pre,TX,106,4.2075471698113205,Texas,TX,48
349,2019-07,Pre,UT,11,3.8181818181818183,Utah,UT,49
350,2019-07,Pre,VA,38,3.8421052631578947,Virginia,VA,51
351,2019-07,Pre,VT,5,2.6,Vermont,VT,50
352,2019-07,Pre,WA,37,4.135135135135135,Washington,WA,53
353,2019-07,Pre,WI,23,4.6521739130434785,Wisconsin,WI,55
354,2019-07,Pre,WV,5,4.2,West Virginia,WV,54
355,2019-07,Pre,WY,2,3.5,Wyoming,WY,56
356,2019-08,Pre,AK,3,3.6666666666666665,Alaska,AK,2
357,2019-08,Pre,AL,21,3.619047619047619,Alabama,AL,1
358,2019-08,Pre,AR,20,4.2,Arkansas,AR,5
359,2019-08,Pre,AZ,29,6.206896551724138,Arizona,AZ,4
360,2019-08,Pre,CA,153,4.084967320261438,California,CA,6
361,2019-08,Pre,CO,23,3.8260869565217392,Colorado,CO,8
362,2019-08,Pre,CT,16,3.9375,Connecticut,CT,9
363,2019-08,Pre,DC,2,5.0,District of Columbia,DC,11
364,2019-08,Pre,DE,6,4.0,Delaware,DE,10
365,2019-08,Pre,FL,89,4.0,Florida,FL,12
366,2019-08,Pre,GA,38,4.052631578947368,Georgia,GA,13
367,2019-08,Pre,HI,3,3.0,Hawaii,HI,15
368,2019-08,Pre,IA,18,4.055555555555555,Iowa,IA,19
369,2019-08,Pre,ID,6,3.6666666666666665,Idaho,ID,16
370,2019-08,Pre,IL,55,3.981818181818182,Illinois,IL,17
371,2019-08,Pre,IN,20,4.25,Indiana,IN,18
372,2019-08,Pre,KS,10,3.8,Kansas,KS,20
373,2019-08,Pre,KY,26,4.038461538461538,Kentucky,KY,21
374,2019-08,Pre,LA,25,5.92,Louisiana,LA,22
375,2019-08,Pre,MA,17,4.411764705882353,Massachusetts,MA,25
376,2019-08,Pre,MD,31,3.774193548387097,Maryland,MD,24
377,2019-08,Pre,ME,5,2.0,Maine,ME,23
378,2019-08,Pre,MI,27,3.888888888888889,Michigan,MI,26
379,2019-08,Pre,MN,24,3.875,Minnesota,MN,27
380,2019-08,Pre,MO,22,4.0,Missouri,MO,29
381,2019-08,Pre,MS,13,6.0,Mississippi,MS,28
382,2019-08,Pre,MT,7,4.142857142857143,Montana,MT,30
383,2019-08,Pre,NC,34,4.088235294117647,North Carolina,NC,37
384,2019-08,Pre,ND,4,2.5,North Dakota,ND,38
385,2019-08,Pre,NE,7,3.857142857142857,Nebraska,NE,31
386,2019-08,Pre,NH,3,3.6666666666666665,New Hampshire,NH,33
387,2019-08,Pre,NJ,35,4.085714285714285,New Jersey,NJ,34
388,2019-08,Pre,NM,12,5.666666666666667,New Mexico,NM,35
389,2019-08,Pre,NV,15,4.066666666666666,Nevada,NV,32
390,2019-08,Pre,NY,78,4.038461538461538,New York,NY,36
391,2019-08,Pre,OH,52,3.9615384615384617,Ohio,OH,39
392,2019-08,Pre,OK,8,3.25,Oklahoma,OK,40
393,2019-08,Pre,OR,24,3.7916666666666665,Oregon,OR,41
394,2019-08,Pre,PA,47,4.212765957446808,Pennsylvania,PA,42
395,2019-08,Pre,RI,3,3.6666666666666665,Rhode Island,RI,44
396,2019-08,Pre,SC,17,4.117647058823529,South Carolina,SC,45
397,2019-08,Pre,SD,2,3.5,South Dakota,SD,46
398,2019-08,Pre,TN,25,4.2,Tennessee,TN,47
399,2019-08,Pre,TX,88,4.0,Texas,TX,48
400,2019-08,Pre,UT,16,4.5625,Utah,UT,49
401,2019-08,Pre,VA,36,3.7222222222222223,Virginia,VA,51
402,2019-08,Pre,VT,4,2.75,Vermont,VT,50
403,2019-08,Pre,WA,29,4.413793103448276,Washington,WA,53
404,2019-08,Pre,WI,25,4.08,Wisconsin,WI,55
405,2019-08,Pre,WV,4,4.75,West Virginia,WV,54
406,2019-08,Pre,WY,3,4.666666666666667,Wyoming,WY,56
407,2019-09,Pre,AL,18,3.888888888888889,Alabama,AL,1
408,2019-09,Pre,AR,11,3.0,Arkansas,AR,5
409,2019-09,Pre,AZ,26,4.038461538461538,Arizona,AZ,4
410,2019-09,Pre,CA,145,4.082758620689655,California,CA,6
411,2019-09,Pre,CO,30,2.566666666666667,Colorado,CO,8
412,2019-09,Pre,CT,17,3.588235294117647,Connecticut,CT,9
413,2019-09,Pre,DC,2,3.0,District of Columbia,DC,11
414,2019-09,Pre,DE,4,4.5,Delaware,DE,10
415,2019-09,Pre,FL,66,3.893939393939394,Florida,FL,12
416,2019-09,Pre,GA,51,4.03921568627451,Georgia,GA,13
417,2019-09,Pre,HI,7,2.7142857142857144,Hawaii,HI,15
418,2019-09,Pre,IA,17,2.0588235294117645,Iowa,IA,19
419,2019-09,Pre,ID,6,2.8333333333333335,Idaho,ID,16
420,2019-09,Pre,IL,58,4.017241379310345,Illinois,IL,17
421,2019-09,Pre,IN,27,4.0,Indiana,IN,18
422,2019-09,Pre,KS,16,4.1875,Kansas,KS,20
423,2019-09,Pre,KY,17,4.0588235294117645,Kentucky,KY,21
424,2019-09,Pre,LA,15,4.066666666666666,Louisiana,LA,22
425,2019-09,Pre,MA,30,4.1,Massachusetts,MA,25
426,2019-09,Pre,MD,40,4.1,Maryland,MD,24
427,2019-09,Pre,ME,7,2.7142857142857144,Maine,ME,23
428,2019-09,Pre,MI,39,4.128205128205129,Michigan,MI,26
429,2019-09,Pre,MN,34,2.3529411764705883,Minnesota,MN,27
430,2019-09,Pre,MO,25,4.0,Missouri,MO,29
431,2019-09,Pre,MS,17,5.764705882352941,Mississippi,MS,28
432,2019-09,Pre,MT,2,5.0,Montana,MT,30
433,2019-09,Pre,NC,42,4.0,North Carolina,NC,37
434,2019-09,Pre,ND,2,2.5,North Dakota,ND,38
435,2019-09,Pre,NE,12,4.75,Nebraska,NE,31
436,2019-09,Pre,NH,3,2.3333333333333335,New Hampshire,NH,33
437,2019-09,Pre,NJ,30,3.9,New Jersey,NJ,34
438,2019-09,Pre,NM,9,3.5555555555555554,New Mexico,NM,35
439,2019-09,Pre,NV,11,4.090909090909091,Nevada,NV,32
440,2019-09,Pre,NY,85,4.047058823529412,New York,NY,36
441,2019-09,Pre,OH,45,4.222222222222222,Ohio,OH,39
442,2019-09,Pre,OK,17,3.764705882352941,Oklahoma,OK,40
443,2019-09,Pre,OR,13,4.538461538461538,Oregon,OR,41
444,2019-09,Pre,PA,52,3.9615384615384617,Pennsylvania,PA,42
445,2019-09,Pre,RI,5,4.2,Rhode Island,RI,44
446,2019-09,Pre,SC,20,2.2,South Carolina,SC,45
447,2019-09,Pre,SD,5,2.4,South Dakota,SD,46
448,2019-09,Pre,TN,30,4.4,Tennessee,TN,47
449,2019-09,Pre,TX,109,4.009174311926605,Texas,TX,48
450,2019-09,Pre,UT,8,2.625,Utah,UT,49
451,2019-09,Pre,VA,37,2.4864864864864864,Virginia,VA,51
452,2019-09,Pre,VT,1,1.0,Vermont,VT,50
453,2019-09,Pre,WA,25,4.68,Washington,WA,53
454,2019-09,Pre,WI,21,4.238095238095238,Wisconsin,WI,55
455,2019-09,Pre,WV,10,3.8,West Virginia,WV,54
456,2019-09,Pre,WY,1,4.0,Wyoming,WY,56
457,2019-10,Pre,AK,6,4.166666666666667,Alaska,AK,2
458,2019-10,Pre,AL,24,3.9583333333333335,Alabama,AL,1
459,2019-10,Pre,AR,10,4.1,Arkansas,AR,5
460,2019-10,Pre,AZ,31,4.064516129032258,Arizona,AZ,4
461,2019-10,Pre,CA,188,4.042553191489362,California,CA,6
462,2019-10,Pre,CO,38,2.3947368421052633,Colorado,CO,8
463,2019-10,Pre,CT,17,4.176470588235294,Connecticut,CT,9
464,2019-10,Pre,DC,10,3.5,District of Columbia,DC,11
465,2019-10,Pre,DE,3,3.3333333333333335,Delaware,DE,10
466,2019-10,Pre,FL,122,4.122950819672131,Florida,FL,12
467,2019-10,Pre,GA,52,3.8461538461538463,Georgia,GA,13
468,2019-10,Pre,HI,8,2.875,Hawaii,HI,15
469,2019-10,Pre,IA,9,2.2222222222222223,Iowa,IA,19
470,2019-10,Pre,ID,8,2.375,Idaho,ID,16
471,2019-10,Pre,IL,62,3.9193548387096775,Illinois,IL,17
472,2019-10,Pre,IN,28,3.892857142857143,Indiana,IN,18
473,2019-10,Pre,KS,13,3.8461538461538463,Kansas,KS,20
474,2019-10,Pre,KY,25,4.04,Kentucky,KY,21
475,2019-10,Pre,LA,28,4.357142857142857,Louisiana,LA,22
476,2019-10,Pre,MA,33,2.1515151515151514,Massachusetts,MA,25
477,2019-10,Pre,MD,22,3.8636363636363638,Maryland,MD,24
478,2019-10,Pre,ME,6,2.6666666666666665,Maine,ME,23
479,2019-10,Pre,MI,67,4.164179104477612,Michigan,MI,26
480,2019-10,Pre,MN,27,2.4444444444444446,Minnesota,MN,27
481,2019-10,Pre,MO,34,3.8823529411764706,Missouri,MO,29
482,2019-10,Pre,MS,16,5.8125,Mississippi,MS,28
483,2019-10,Pre,MT,3,3.6666666666666665,Montana,MT,30
484,2019-10,Pre,NC,53,3.9622641509433962,North Carolina,NC,37
485,2019-10,Pre,ND,2,2.5,North Dakota,ND,38
486,2019-10,Pre,NE,14,4.142857142857143,Nebraska,NE,31
487,2019-10,Pre,NH,4,2.25,New Hampshire,NH,33
488,2019-10,Pre,NJ,31,4.096774193548387,New Jersey,NJ,34
489,2019-10,Pre,NM,7,3.7142857142857144,New Mexico,NM,35
490,2019-10,Pre,NV,16,3.9375,Nevada,NV,32
491,2019-10,Pre,NY,86,4.093023255813954,New York,NY,36
492,2019-10,Pre,OH,46,4.1521739130434785,Ohio,OH,39
493,2019-10,Pre,OK,11,4.363636363636363,Oklahoma,OK,40
494,2019-10,Pre,OR,24,3.75,Oregon,OR,41
495,2019-10,Pre,PA,60,3.8833333333333333,Pennsylvania,PA,42
496,2019-10,Pre,RI,4,4.5,Rhode Island,RI,44
497,2019-10,Pre,SC,29,2.4482758620689653,South Carolina,SC,45
498,2019-10,Pre,SD,4,3.25,South Dakota,SD,46
499,2019-10,Pre,TN,28,4.607142857142857,Tennessee,TN,47
500,2019-10,Pre,TX,135,3.9185185185185185,Texas,TX,48
501,2019-10,Pre,UT,13,3.0,Utah,UT,49
502,2019-10,Pre,VA,37,2.324324324324324,Virginia,VA,51
503,2019-10,Pre,VT,2,3.0,Vermont,VT,50
504,2019-10,Pre,WA,34,4.029411764705882,Washington,WA,53
505,2019-10,Pre,WI,20,4.6,Wisconsin,WI,55
506,2019-10,Pre,WV,7,5.142857142857143,West Virginia,WV,54
507,2019-10,Pre,WY,3,3.0,Wyoming,WY,56
508,2019-11,Pre,AK,1,4.0,Alaska,AK,2
509,2019-11,Pre,AL,24,2.1666666666666665,Alabama,AL,1
510,2019-11,Pre,AR,10,4.4,Arkansas,AR,5
511,2019-11,Pre,AZ,24,3.7916666666666665,Arizona,AZ,4
512,2019-11,Pre,CA,158,4.018987341772152,California,CA,6
513,2019-11,Pre,CO,21,2.5714285714285716,Colorado,CO,8
514,2019-11,Pre,CT,17,4.117647058823529,Connecticut,CT,9
515,2019-11,Pre,DC,2,4.5,District of Columbia,DC,11
516,2019-11,Pre,DE,2,4.5,Delaware,DE,10
517,2019-11,Pre,FL,79,4.012658227848101,Florida,FL,12
518,2019-11,Pre,GA,28,4.25,Georgia,GA,13
519,2019-11,Pre,HI,3,2.6666666666666665,Hawaii,HI,15
520,2019-11,Pre,IA,14,2.2142857142857144,Iowa,IA,19
521,2019-11,Pre,ID,8,2.75,Idaho,ID,16
522,2019-11,Pre,IL,37,3.891891891891892,Illinois,IL,17
523,2019-11,Pre,IN,28,3.9642857142857144,Indiana,IN,18
524,2019-11,Pre,KS,5,4.0,Kansas,KS,20
525,2019-11,Pre,KY,18,3.888888888888889,Kentucky,KY,21
526,2019-11,Pre,LA,13,4.3076923076923075,Louisiana,LA,22
527,2019-11,Pre,MA,29,2.4827586206896552,Massachusetts,MA,25
528,2019-11,Pre,MD,24,4.333333333333333,Maryland,MD,24
529,2019-11,Pre,ME,4,3.5,Maine,ME,23
530,2019-11,Pre,MI,39,4.461538461538462,Michigan,MI,26
531,2019-11,Pre,MN,25,3.96,Minnesota,MN,27
532,2019-11,Pre,MO,22,3.8181818181818183,Missouri,MO,29
533,2019-11,Pre,MS,9,6.111111111111111,Mississippi,MS,28
534,2019-11,Pre,MT,6,3.6666666666666665,Montana,MT,30
535,2019-11,Pre,NC,44,4.068181818181818,North Carolina,NC,37
536,2019-11,Pre,ND,3,4.333333333333333,North Dakota,ND,38
537,2019-11,Pre,NE,5,4.6,Nebraska,NE,31
538,2019-11,Pre,NH,2,2.5,New Hampshire,NH,33
539,2019-11,Pre,NJ,35,4.085714285714285,New Jersey,NJ,34
540,2019-11,Pre,NM,12,4.166666666666667,New Mexico,NM,35
541,2019-11,Pre,NV,8,4.5,Nevada,NV,32
542,2019-11,Pre,NY,71,4.070422535211268,New York,NY,36
543,2019-11,Pre,OH,43,4.232558139534884,Ohio,OH,39
544,2019-11,Pre,OK,11,4.181818181818182,Oklahoma,OK,40
545,2019-11,Pre,OR,14,4.5,Oregon,OR,41
546,2019-11,Pre,PA,43,3.883720930232558,Pennsylvania,PA,42
547,2019-11,Pre,RI,3,4.0,Rhode Island,RI,44
548,2019-11,Pre,SC,14,2.2857142857142856,South Carolina,SC,45
549,2019-11,Pre,SD,4,4.5,South Dakota,SD,46
550,2019-11,Pre,TN,22,4.363636363636363,Tennessee,TN,47
551,2019-11,Pre,TX,101,4.03960396039604,Texas,TX,48
552,2019-11,Pre,UT,13,2.3076923076923075,Utah,UT,49
553,2019-11,Pre,VA,37,2.27027027027027,Virginia,VA,51
554,2019-11,Pre,VT,2,2.0,Vermont,VT,50
555,2019-11,Pre,WA,31,4.096774193548387,Washington,WA,53
556,2019-11,Pre,WI,25,3.36,Wisconsin,WI,55
557,2019-11,Pre,WV,3,3.6666666666666665,West Virginia,WV,54
558,2019-11,Pre,WY,4,4.5,Wyoming,WY,56
559,2019-12,Pre,AK,2,7.0,Alaska,AK,2
560,2019-12,Pre,AL,15,2.8666666666666667,Alabama,AL,1
561,2019-12,Pre,AR,11,4.090909090909091,Arkansas,AR,5
562,2019-12,Pre,AZ,25,4.24,Arizona,AZ,4
563,2019-12,Pre,CA,146,4.1506849315068495,California,CA,6
564,2019-12,Pre,CO,18,2.6666666666666665,Colorado,CO,8
565,2019-12,Pre,CT,18,4.277777777777778,Connecticut,CT,9
566,2019-12,Pre,DC,5,5.2,District of Columbia,DC,11
567,2019-12,Pre,DE,8,3.5,Delaware,DE,10
568,2019-12,Pre,FL,77,4.116883116883117,Florida,FL,12
569,2019-12,Pre,GA,35,3.6285714285714286,Georgia,GA,13
570,2019-12,Pre,HI,10,2.5,Hawaii,HI,15
571,2019-12,Pre,IA,6,4.5,Iowa,IA,19
572,2019-12,Pre,ID,9,2.2222222222222223,Idaho,ID,16
573,2019-12,Pre,IL,55,3.8727272727272726,Illinois,IL,17
574,2019-12,Pre,IN,29,4.344827586206897,Indiana,IN,18
575,2019-12,Pre,KS,18,4.222222222222222,Kansas,KS,20
576,2019-12,Pre,KY,15,4.0,Kentucky,KY,21
577,2019-12,Pre,LA,9,3.7777777777777777,Louisiana,LA,22
578,2019-12,Pre,MA,28,2.3214285714285716,Massachusetts,MA,25
579,2019-12,Pre,MD,27,4.0,Maryland,MD,24
580,2019-12,Pre,ME,4,2.25,Maine,ME,23
581,2019-12,Pre,MI,48,4.208333333333333,Michigan,MI,26
582,2019-12,Pre,MN,15,4.333333333333333,Minnesota,MN,27
583,2019-12,Pre,MO,16,4.0625,Missouri,MO,29
584,2019-12,Pre,MS,11,6.181818181818182,Mississippi,MS,28
585,2019-12,Pre,MT,5,4.0,Montana,MT,30
586,2019-12,Pre,NC,24,4.333333333333333,North Carolina,NC,37
587,2019-12,Pre,ND,4,3.0,North Dakota,ND,38
588,2019-12,Pre,NE,9,4.666666666666667,Nebraska,NE,31
589,2019-12,Pre,NH,6,2.5,New Hampshire,NH,33
590,2019-12,Pre,NJ,29,4.241379310344827,New Jersey,NJ,34
591,2019-12,Pre,NM,7,4.0,New Mexico,NM,35
592,2019-12,Pre,NV,13,3.5384615384615383,Nevada,NV,32
593,2019-12,Pre,NY,62,3.903225806451613,New York,NY,36
594,2019-12,Pre,OH,35,4.171428571428572,Ohio,OH,39
595,2019-12,Pre,OK,15,3.6,Oklahoma,OK,40
596,2019-12,Pre,OR,12,4.166666666666667,Oregon,OR,41
597,2019-12,Pre,PA,41,3.7804878048780486,Pennsylvania,PA,42
598,2019-12,Pre,RI,3,4.333333333333333,Rhode Island,RI,44
599,2019-12,Pre,SC,24,2.875,South Carolina,SC,45
600,2019-12,Pre,SD,1,3.0,South Dakota,SD,46
601,2019-12,Pre,TN,37,4.351351351351352,Tennessee,TN,47
602,2019-12,Pre,TX,105,4.057142857142857,Texas,TX,48
603,2019-12,Pre,UT,15,2.1333333333333333,Utah,UT,49
604,2019-12,Pre,VA,23,2.608695652173913,Virginia,VA,51
605,2019-12,Pre,VT,4,2.25,Vermont,VT,50
606,2019-12,Pre,WA,33,4.515151515151516,Washington,WA,53
607,2019-12,Pre,WI,19,3.8421052631578947,Wisconsin,WI,55
608,2019-12,Pre,WV,11,4.818181818181818,West Virginia,WV,54
609,2019-12,Pre,WY,3,3.6666666666666665,Wyoming,WY,56
610,2020-01,Pre,AK,3,6.0,Alaska,AK,2
611,2020-01,Pre,AL,17,4.117647058823529,Alabama,AL,1
612,2020-01,Pre,AR,14,3.357142857142857,Arkansas,AR,5
613,2020-01,Pre,AZ,26,4.538461538461538,Arizona,AZ,4
614,2020-01,Pre,CA,141,3.9290780141843973,California,CA,6
615,2020-01,Pre,CO,28,3.7857142857142856,Colorado,CO,8
616,2020-01,Pre,CT,13,4.3076923076923075,Connecticut,CT,9
617,2020-01,Pre,DC,3,2.6666666666666665,District of Columbia,DC,11
618,2020-01,Pre,DE,6,3.8333333333333335,Delaware,DE,10
619,2020-01,Pre,FL,78,3.9615384615384617,Florida,FL,12
620,2020-01,Pre,GA,36,4.166666666666667,Georgia,GA,13
621,2020-01,Pre,HI,6,2.8333333333333335,Hawaii,HI,15
622,2020-01,Pre,IA,9,4.555555555555555,Iowa,IA,19
623,2020-01,Pre,ID,8,3.875,Idaho,ID,16
624,2020-01,Pre,IL,44,4.0227272727272725,Illinois,IL,17
625,2020-01,Pre,IN,29,3.9655172413793105,Indiana,IN,18
626,2020-01,Pre,KS,14,3.2857142857142856,Kansas,KS,20
627,2020-01,Pre,KY,20,3.85,Kentucky,KY,21
628,2020-01,Pre,LA,12,5.666666666666667,Louisiana,LA,22
629,2020-01,Pre,MA,20,3.75,Massachusetts,MA,25
630,2020-01,Pre,MD,23,4.0,Maryland,MD,24
631,2020-01,Pre,ME,3,4.0,Maine,ME,23
632,2020-01,Pre,MI,24,4.416666666666667,Michigan,MI,26
633,2020-01,Pre,MN,16,3.8125,Minnesota,MN,27
634,2020-01,Pre,MO,31,3.967741935483871,Missouri,MO,29
635,2020-01,Pre,MS,9,6.666666666666667,Mississippi,MS,28
636,2020-01,Pre,MT,3,4.666666666666667,Montana,MT,30
637,2020-01,Pre,NC,41,4.024390243902439,North Carolina,NC,37
638,2020-01,Pre,ND,3,4.0,North Dakota,ND,38
639,2020-01,Pre,NE,5,3.4,Nebraska,NE,31
640,2020-01,Pre,NH,4,4.75,New Hampshire,NH,33
641,2020-01,Pre,NJ,34,4.176470588235294,New Jersey,NJ,34
642,2020-01,Pre,NM,7,5.571428571428571,New Mexico,NM,35
643,2020-01,Pre,NV,11,3.1818181818181817,Nevada,NV,32
644,2020-01,Pre,NY,88,4.170454545454546,New York,NY,36
645,2020-01,Pre,OH,54,5.907407407407407,Ohio,OH,39
646,2020-01,Pre,OK,15,4.066666666666666,Oklahoma,OK,40
647,2020-01,Pre,OR,20,4.3,Oregon,OR,41
648,2020-01,Pre,PA,63,3.7936507936507935,Pennsylvania,PA,42
649,2020-01,Pre,RI,6,3.8333333333333335,Rhode Island,RI,44
650,2020-01,Pre,SC,22,4.045454545454546,South Carolina,SC,45
651,2020-01,Pre,SD,3,3.3333333333333335,South Dakota,SD,46
652,2020-01,Pre,TN,30,4.0,Tennessee,TN,47
653,2020-01,Pre,TX,86,4.069767441860465,Texas,TX,48
654,2020-01,Pre,UT,14,3.857142857142857,Utah,UT,49
655,2020-01,Pre,VA,41,4.0,Virginia,VA,51
656,2020-01,Pre,VT,1,4.0,Vermont,VT,50
657,2020-01,Pre,WA,24,3.9583333333333335,Washington,WA,53
658,2020-01,Pre,WI,20,4.3,Wisconsin,WI,55
659,2020-01,Pre,WV,8,5.25,West Virginia,WV,54
660,2020-01,Pre,WY,4,4.5,Wyoming,WY,56
661,2020-02,Pre,AK,3,6.666666666666667,Alaska,AK,2
662,2020-02,Pre,AL,15,4.4,Alabama,AL,1
663,2020-02,Pre,AR,13,4.461538461538462,Arkansas,AR,5
664,2020-02,Pre,AZ,37,4.135135135135135,Arizona,AZ,4
665,2020-02,Pre,CA,159,3.9182389937106916,California,CA,6
666,2020-02,Pre,CO,16,4.0625,Colorado,CO,8
667,2020-02,Pre,CT,13,3.6923076923076925,Connecticut,CT,9
668,2020-02,Pre,DC,5,3.4,District of Columbia,DC,11
669,2020-02,Pre,DE,9,4.444444444444445,Delaware,DE,10
670,2020-02,Pre,FL,89,4.033707865168539,Florida,FL,12
671,2020-02,Pre,GA,49,3.673469387755102,Georgia,GA,13
672,2020-02,Pre,HI,4,2.5,Hawaii,HI,15
673,2020-02,Pre,IA,10,4.0,Iowa,IA,19
674,2020-02,Pre,ID,8,3.625,Idaho,ID,16
675,2020-02,Pre,IL,44,3.8636363636363638,Illinois,IL,17
676,2020-02,Pre,IN,28,3.9285714285714284,Indiana,IN,18
677,2020-02,Pre,KS,13,3.6153846153846154,Kansas,KS,20
678,2020-02,Pre,KY,26,3.8846153846153846,Kentucky,KY,21
679,2020-02,Pre,LA,15,4.266666666666667,Louisiana,LA,22
680,2020-02,Pre,MA,22,3.6363636363636362,Massachusetts,MA,25
681,2020-02,Pre,MD,27,3.740740740740741,Maryland,MD,24
682,2020-02,Pre,ME,2,4.5,Maine,ME,23
683,2020-02,Pre,MI,34,3.7058823529411766,Michigan,MI,26
684,2020-02,Pre,MN,17,4.0,Minnesota,MN,27
685,2020-02,Pre,MO,24,4.333333333333333,Missouri,MO,29
686,2020-02,Pre,MS,10,5.8,Mississippi,MS,28
687,2020-02,Pre,MT,7,3.857142857142857,Montana,MT,30
688,2020-02,Pre,NC,45,4.177777777777778,North Carolina,NC,37
689,2020-02,Pre,ND,4,3.75,North Dakota,ND,38
690,2020-02,Pre,NE,4,5.0,Nebraska,NE,31
691,2020-02,Pre,NH,5,4.0,New Hampshire,NH,33
692,2020-02,Pre,NJ,33,3.878787878787879,New Jersey,NJ,34
693,2020-02,Pre,NM,10,5.4,New Mexico,NM,35
694,2020-02,Pre,NV,11,3.6363636363636362,Nevada,NV,32
695,2020-02,Pre,NY,73,4.260273972602739,New York,NY,36
696,2020-02,Pre,OH,32,3.71875,Ohio,OH,39
697,2020-02,Pre,OK,16,4.625,Oklahoma,OK,40
698,2020-02,Pre,OR,13,3.6923076923076925,Oregon,OR,41
699,2020-02,Pre,PA,55,3.8181818181818183,Pennsylvania,PA,42
700,2020-02,Pre,RI,5,4.6,Rhode Island,RI,44
701,2020-02,Pre,SC,25,3.76,South Carolina,SC,45
702,2020-02,Pre,SD,3,5.666666666666667,South Dakota,SD,46
703,2020-02,Pre,TN,24,4.083333333333333,Tennessee,TN,47
704,2020-02,Pre,TX,115,4.304347826086956,Texas,TX,48
705,2020-02,Pre,UT,14,4.571428571428571,Utah,UT,49
706,2020-02,Pre,VA,26,2.3076923076923075,Virginia,VA,51
707,2020-02,Pre,VT,2,3.0,Vermont,VT,50
708,2020-02,Pre,WA,26,3.8461538461538463,Washington,WA,53
709,2020-02,Pre,WI,27,3.814814814814815,Wisconsin,WI,55
710,2020-02,Pre,WV,10,6.2,West Virginia,WV,54
711,2020-02,Pre,WY,3,4.0,Wyoming,WY,56
712,2020-03,Pan,AK,10,6.2,Alaska,AK,2
713,2020-03,Pan,AL,52,4.173076923076923,Alabama,AL,1
714,2020-03,Pan,AR,20,3.7,Arkansas,AR,5
715,2020-03,Pan,AZ,66,5.9393939393939394,Arizona,AZ,4
716,2020-03,Pan,CA,410,5.9365853658536585,California,CA,6
717,2020-03,Pan,CO,68,4.176470588235294,Colorado,CO,8
718,2020-03,Pan,CT,41,4.390243902439025,Connecticut,CT,9
719,2020-03,Pan,DC,9,6.222222222222222,District of Columbia,DC,11
720,2020-03,Pan,DE,8,6.125,Delaware,DE,10
721,2020-03,Pan,FL,242,4.169421487603306,Florida,FL,12
722,2020-03,Pan,GA,98,3.8979591836734695,Georgia,GA,13
723,2020-03,Pan,HI,16,2.5,Hawaii,HI,15
724,2020-03,Pan,IA,31,4.290322580645161,Iowa,IA,19
725,2020-03,Pan,ID,18,4.111111111111111,Idaho,ID,16
726,2020-03,Pan,IL,118,4.135593220338983,Illinois,IL,17
727,2020-03,Pan,IN,60,4.266666666666667,Indiana,IN,18
728,2020-03,Pan,KS,28,3.9642857142857144,Kansas,KS,20
729,2020-03,Pan,KY,37,4.351351351351352,Kentucky,KY,21
730,2020-03,Pan,LA,40,5.875,Louisiana,LA,22
731,2020-03,Pan,MA,70,4.185714285714286,Massachusetts,MA,25
732,2020-03,Pan,MD,60,4.0,Maryland,MD,24
733,2020-03,Pan,ME,12,2.75,Maine,ME,23
734,2020-03,Pan,MI,102,4.2254901960784315,Michigan,MI,26
735,2020-03,Pan,MN,72,3.9166666666666665,Minnesota,MN,27
736,2020-03,Pan,MO,57,4.035087719298246,Missouri,MO,29
737,2020-03,Pan,MS,28,6.071428571428571,Mississippi,MS,28
738,2020-03,Pan,MT,10,3.7,Montana,MT,30
739,2020-03,Pan,NC,94,4.223404255319149,North Carolina,NC,37
740,2020-03,Pan,ND,11,4.363636363636363,North Dakota,ND,38
741,2020-03,Pan,NE,20,4.05,Nebraska,NE,31
742,2020-03,Pan,NH,15,3.8666666666666667,New Hampshire,NH,33
743,2020-03,Pan,NJ,90,4.277777777777778,New Jersey,NJ,34
744,2020-03,Pan,NM,7,6.0,New Mexico,NM,35
745,2020-03,Pan,NV,33,5.96969696969697,Nevada,NV,32
746,2020-03,Pan,NY,211,3.962085308056872,New York,NY,36
747,2020-03,Pan,OH,128,5.90625,Ohio,OH,39
748,2020-03,Pan,OK,31,3.870967741935484,Oklahoma,OK,40
749,2020-03,Pan,OR,52,4.076923076923077,Oregon,OR,41
750,2020-03,Pan,PA,136,5.977941176470588,Pennsylvania,PA,42
751,2020-03,Pan,RI,11,4.0,Rhode Island,RI,44
752,2020-03,Pan,SC,52,4.019230769230769,South Carolina,SC,45
753,2020-03,Pan,SD,7,3.7142857142857144,South Dakota,SD,46
754,2020-03,Pan,TN,67,4.104477611940299,Tennessee,TN,47
755,2020-03,Pan,TX,295,5.979661016949152,Texas,TX,48
756,2020-03,Pan,UT,34,4.588235294117647,Utah,UT,49
757,2020-03,Pan,VA,93,4.129032258064516,Virginia,VA,51
758,2020-03,Pan,VT,5,4.6,Vermont,VT,50
759,2020-03,Pan,WA,91,5.923076923076923,Washington,WA,53
760,2020-03,Pan,WI,65,4.046153846153846,Wisconsin,WI,55
761,2020-03,Pan,WV,21,5.666666666666667,West Virginia,WV,54
762,2020-03,Pan,WY,8,5.875,Wyoming,WY,56
763,2020-04,Pan,AK,4,6.25,Alaska,AK,2
764,2020-04,Pan,AL,40,5.925,Alabama,AL,1
765,2020-04,Pan,AR,29,5.9655172413793105,Arkansas,AR,5
766,2020-04,Pan,AZ,72,5.875,Arizona,AZ,4
767,2020-04,Pan,CA,357,5.910364145658264,California,CA,6
768,2020-04,Pan,CO,56,6.196428571428571,Colorado,CO,8
769,2020-04,Pan,CT,29,5.758620689655173,Connecticut,CT,9
770,2020-04,Pan,DC,10,6.1,District of Columbia,DC,11
771,2020-04,Pan,DE,6,5.666666666666667,Delaware,DE,10
772,2020-04,Pan,FL,205,6.04390243902439,Florida,FL,12
773,2020-04,Pan,GA,93,5.946236559139785,Georgia,GA,13
774,2020-04,Pan,HI,15,5.533333333333333,Hawaii,HI,15
775,2020-04,Pan,IA,24,5.875,Iowa,IA,19
776,2020-04,Pan,ID,14,5.785714285714286,Idaho,ID,16
777,2020-04,Pan,IL,120,5.975,Illinois,IL,17
778,2020-04,Pan,IN,67,5.865671641791045,Indiana,IN,18
779,2020-04,Pan,KS,24,5.583333333333333,Kansas,KS,20
780,2020-04,Pan,KY,38,5.7631578947368425,Kentucky,KY,21
781,2020-04,Pan,LA,47,6.0,Louisiana,LA,22
782,2020-04,Pan,MA,80,6.05,Massachusetts,MA,25
783,2020-04,Pan,MD,71,6.028169014084507,Maryland,MD,24
784,2020-04,Pan,ME,13,6.0,Maine,ME,23
785,2020-04,Pan,MI,103,5.970873786407767,Michigan,MI,26
786,2020-04,Pan,MN,48,6.0,Minnesota,MN,27
787,2020-04,Pan,MO,50,6.18,Missouri,MO,29
788,2020-04,Pan,MS,29,6.0344827586206895,Mississippi,MS,28
789,2020-04,Pan,MT,11,5.454545454545454,Montana,MT,30
790,2020-04,Pan,NC,92,5.945652173913044,North Carolina,NC,37
791,2020-04,Pan,ND,7,5.857142857142857,North Dakota,ND,38
792,2020-04,Pan,NE,22,6.363636363636363,Nebraska,NE,31
793,2020-04,Pan,NH,13,6.230769230769231,New Hampshire,NH,33
794,2020-04,Pan,NJ,86,5.953488372093023,New Jersey,NJ,34
795,2020-04,Pan,NM,18,6.5,New Mexico,NM,35
796,2020-04,Pan,NV,31,6.032258064516129,Nevada,NV,32
797,2020-04,Pan,NY,159,6.0,New York,NY,36
798,2020-04,Pan,OH,111,6.027027027027027,Ohio,OH,39
799,2020-04,Pan,OK,29,5.896551724137931,Oklahoma,OK,40
800,2020-04,Pan,OR,42,5.714285714285714,Oregon,OR,41
801,2020-04,Pan,PA,118,6.016949152542373,Pennsylvania,PA,42
802,2020-04,Pan,RI,21,6.0476190476190474,Rhode Island,RI,44
803,2020-04,Pan,SC,60,5.916666666666667,South Carolina,SC,45
804,2020-04,Pan,SD,9,6.0,South Dakota,SD,46
805,2020-04,Pan,TN,62,5.935483870967742,Tennessee,TN,47
806,2020-04,Pan,TX,271,6.070110701107011,Texas,TX,48
807,2020-04,Pan,UT,25,5.8,Utah,UT,49
808,2020-04,Pan,VA,66,6.045454545454546,Virginia,VA,51
809,2020-04,Pan,VT,7,5.857142857142857,Vermont,VT,50
810,2020-04,Pan,WA,65,5.953846153846154,Washington,WA,53
811,2020-04,Pan,WI,45,5.644444444444445,Wisconsin,WI,55
812,2020-04,Pan,WV,19,6.052631578947368,West Virginia,WV,54
813,2020-04,Pan,WY,7,5.714285714285714,Wyoming,WY,56
814,2020-05,Pan,AK,7,5.285714285714286,Alaska,AK,2
815,2020-05,Pan,AL,33,5.96969696969697,Alabama,AL,1
816,2020-05,Pan,AR,22,5.636363636363637,Arkansas,AR,5
817,2020-05,Pan,AZ,75,6.0,Arizona,AZ,4
818,2020-05,Pan,CA,388,6.02319587628866,California,CA,6
819,2020-05,Pan,CO,58,6.051724137931035,Colorado,CO,8
820,2020-05,Pan,CT,31,6.032258064516129,Connecticut,CT,9
821,2020-05,Pan,DC,5,5.8,District of Columbia,DC,11
822,2020-05,Pan,DE,11,5.7272727272727275,Delaware,DE,10
823,2020-05,Pan,FL,210,5.847619047619047,Florida,FL,12
824,2020-05,Pan,GA,89,5.955056179775281,Georgia,GA,13
825,2020-05,Pan,HI,13,6.230769230769231,Hawaii,HI,15
826,2020-05,Pan,IA,36,5.666666666666667,Iowa,IA,19
827,2020-05,Pan,ID,19,5.894736842105263,Idaho,ID,16
828,2020-05,Pan,IL,101,5.9504950495049505,Illinois,IL,17
829,2020-05,Pan,IN,69,5.869565217391305,Indiana,IN,18
830,2020-05,Pan,KS,25,6.04,Kansas,KS,20
831,2020-05,Pan,KY,39,5.9743589743589745,Kentucky,KY,21
832,2020-05,Pan,LA,37,6.135135135135135,Louisiana,LA,22
833,2020-05,Pan,MA,72,5.819444444444445,Massachusetts,MA,25
834,2020-05,Pan,MD,60,6.083333333333333,Maryland,MD,24
835,2020-05,Pan,ME,20,5.65,Maine,ME,23
836,2020-05,Pan,MI,87,6.091954022988506,Michigan,MI,26
837,2020-05,Pan,MN,55,6.0181818181818185,Minnesota,MN,27
838,2020-05,Pan,MO,66,6.2272727272727275,Missouri,MO,29
839,2020-05,Pan,MS,28,5.857142857142857,Mississippi,MS,28
840,2020-05,Pan,MT,19,5.684210526315789,Montana,MT,30
841,2020-05,Pan,NC,93,5.956989247311828,North Carolina,NC,37
842,2020-05,Pan,ND,9,5.444444444444445,North Dakota,ND,38
843,2020-05,Pan,NE,12,6.0,Nebraska,NE,31
844,2020-05,Pan,NH,16,6.0625,New Hampshire,NH,33
845,2020-05,Pan,NJ,88,6.0227272727272725,New Jersey,NJ,34
846,2020-05,Pan,NM,27,6.074074074074074,New Mexico,NM,35
847,2020-05,Pan,NV,30,6.5,Nevada,NV,32
848,2020-05,Pan,NY,190,5.91578947368421,New York,NY,36
849,2020-05,Pan,OH,108,5.935185185185185,Ohio,OH,39
850,2020-05,Pan,OK,48,6.229166666666667,Oklahoma,OK,40
851,2020-05,Pan,OR,39,5.666666666666667,Oregon,OR,41
852,2020-05,Pan,PA,110,5.945454545454545,Pennsylvania,PA,42
853,2020-05,Pan,RI,7,5.571428571428571,Rhode Island,RI,44
854,2020-05,Pan,SC,55,5.945454545454545,South Carolina,SC,45
855,2020-05,Pan,SD,8,6.0,South Dakota,SD,46
856,2020-05,Pan,TN,59,6.067796610169491,Tennessee,TN,47
857,2020-05,Pan,TX,278,5.888489208633094,Texas,TX,48
858,2020-05,Pan,UT,34,5.9411764705882355,Utah,UT,49
859,2020-05,Pan,VA,98,6.071428571428571,Virginia,VA,51
860,2020-05,Pan,VT,5,6.6,Vermont,VT,50
861,2020-05,Pan,WA,96,5.96875,Washington,WA,53
862,2020-05,Pan,WI,51,5.901960784313726,Wisconsin,WI,55
863,2020-05,Pan,WV,20,6.0,West Virginia,WV,54
864,2020-05,Pan,WY,4,5.25,Wyoming,WY,56
865,2020-06,Pan,AK,9,6.333333333333333,Alaska,AK,2
866,2020-06,Pan,AL,47,6.0638297872340425,Alabama,AL,1
867,2020-06,Pan,AR,24,6.0,Arkansas,AR,5
868,2020-06,Pan,AZ,70,6.0285714285714285,Arizona,AZ,4
869,2020-06,Pan,CA,364,5.928571428571429,California,CA,6
870,2020-06,Pan,CO,57,5.754385964912281,Colorado,CO,8
871,2020-06,Pan,CT,47,6.0638297872340425,Connecticut,CT,9
872,2020-06,Pan,DC,9,6.111111111111111,District of Columbia,DC,11
873,2020-06,Pan,DE,10,6.3,Delaware,DE,10
874,2020-06,Pan,FL,220,6.072727272727272,Florida,FL,12
875,2020-06,Pan,GA,101,6.01980198019802,Georgia,GA,13
876,2020-06,Pan,HI,20,6.0,Hawaii,HI,15
877,2020-06,Pan,IA,29,5.689655172413793,Iowa,IA,19
878,2020-06,Pan,ID,14,6.285714285714286,Idaho,ID,16
879,2020-06,Pan,IL,120,6.041666666666667,Illinois,IL,17
880,2020-06,Pan,IN,54,5.944444444444445,Indiana,IN,18
881,2020-06,Pan,KS,29,6.137931034482759,Kansas,KS,20
882,2020-06,Pan,KY,34,5.676470588235294,Kentucky,KY,21
883,2020-06,Pan,LA,61,6.065573770491803,Louisiana,LA,22
884,2020-06,Pan,MA,54,6.111111111111111,Massachusetts,MA,25
885,2020-06,Pan,MD,51,5.921568627450981,Maryland,MD,24
886,2020-06,Pan,ME,12,6.0,Maine,ME,23
887,2020-06,Pan,MI,87,5.954022988505747,Michigan,MI,26
888,2020-06,Pan,MN,64,5.78125,Minnesota,MN,27
889,2020-06,Pan,MO,57,6.0701754385964914,Missouri,MO,29
890,2020-06,Pan,MS,21,6.142857142857143,Mississippi,MS,28
891,2020-06,Pan,MT,9,6.111111111111111,Montana,MT,30
892,2020-06,Pan,NC,103,6.048543689320389,North Carolina,NC,37
893,2020-06,Pan,ND,12,6.0,North Dakota,ND,38
894,2020-06,Pan,NE,14,5.714285714285714,Nebraska,NE,31
895,2020-06,Pan,NH,13,5.846153846153846,New Hampshire,NH,33
896,2020-06,Pan,NJ,80,5.975,New Jersey,NJ,34
897,2020-06,Pan,NM,13,5.923076923076923,New Mexico,NM,35
898,2020-06,Pan,NV,21,5.714285714285714,Nevada,NV,32
899,2020-06,Pan,NY,183,5.934426229508197,New York,NY,36
900,2020-06,Pan,OH,96,6.03125,Ohio,OH,39
901,2020-06,Pan,OK,41,6.097560975609756,Oklahoma,OK,40
902,2020-06,Pan,OR,43,6.046511627906977,Oregon,OR,41
903,2020-06,Pan,PA,121,6.033057851239669,Pennsylvania,PA,42
904,2020-06,Pan,RI,9,5.444444444444445,Rhode Island,RI,44
905,2020-06,Pan,SC,57,5.964912280701754,South Carolina,SC,45
906,2020-06,Pan,SD,7,6.0,South Dakota,SD,46
907,2020-06,Pan,TN,66,6.121212121212121,Tennessee,TN,47
908,2020-06,Pan,TX,277,6.021660649819495,Texas,TX,48
909,2020-06,Pan,UT,25,5.96,Utah,UT,49
910,2020-06,Pan,VA,76,6.302631578947368,Virginia,VA,51
911,2020-06,Pan,VT,5,6.2,Vermont,VT,50
912,2020-06,Pan,WA,69,5.913043478260869,Washington,WA,53
913,2020-06,Pan,WI,48,6.0,Wisconsin,WI,55
914,2020-06,Pan,WV,23,5.6521739130434785,West Virginia,WV,54
915,2020-06,Pan,WY,4,6.5,Wyoming,WY,56
916,2020-07,Pan,AK,6,6.166666666666667,Alaska,AK,2
917,2020-07,Pan,AL,42,5.904761904761905,Alabama,AL,1
918,2020-07,Pan,AR,20,6.4,Arkansas,AR,5
919,2020-07,Pan,AZ,67,6.223880597014926,Arizona,AZ,4
920,2020-07,Pan,CA,378,5.941798941798941,California,CA,6
921,2020-07,Pan,CO,50,5.68,Colorado,CO,8
922,2020-07,Pan,CT,48,5.833333333333333,Connecticut,CT,9
923,2020-07,Pan,DC,7,6.285714285714286,District of Columbia,DC,11
924,2020-07,Pan,DE,17,6.176470588235294,Delaware,DE,10
925,2020-07,Pan,FL,207,5.990338164251208,Florida,FL,12
926,2020-07,Pan,GA,123,5.951219512195122,Georgia,GA,13
927,2020-07,Pan,HI,15,5.933333333333334,Hawaii,HI,15
928,2020-07,Pan,IA,35,5.714285714285714,Iowa,IA,19
929,2020-07,Pan,ID,16,6.0625,Idaho,ID,16
930,2020-07,Pan,IL,141,5.99290780141844,Illinois,IL,17
931,2020-07,Pan,IN,70,6.1,Indiana,IN,18
932,2020-07,Pan,KS,38,5.7368421052631575,Kansas,KS,20
933,2020-07,Pan,KY,41,6.097560975609756,Kentucky,KY,21
934,2020-07,Pan,LA,39,5.948717948717949,Louisiana,LA,22
935,2020-07,Pan,MA,47,6.340425531914893,Massachusetts,MA,25
936,2020-07,Pan,MD,69,5.956521739130435,Maryland,MD,24
937,2020-07,Pan,ME,11,6.454545454545454,Maine,ME,23
938,2020-07,Pan,MI,90,6.0,Michigan,MI,26
939,2020-07,Pan,MN,61,6.016393442622951,Minnesota,MN,27
940,2020-07,Pan,MO,50,6.14,Missouri,MO,29
941,2020-07,Pan,MS,25,5.96,Mississippi,MS,28
942,2020-07,Pan,MT,9,6.222222222222222,Montana,MT,30
943,2020-07,Pan,NC,100,4.17,North Carolina,NC,37
944,2020-07,Pan,ND,9,6.555555555555555,North Dakota,ND,38
945,2020-07,Pan,NE,15,4.066666666666666,Nebraska,NE,31
946,2020-07,Pan,NH,11,4.181818181818182,New Hampshire,NH,33
947,2020-07,Pan,NJ,68,3.926470588235294,New Jersey,NJ,34
948,2020-07,Pan,NM,22,3.772727272727273,New Mexico,NM,35
949,2020-07,Pan,NV,27,3.740740740740741,Nevada,NV,32
950,2020-07,Pan,NY,169,4.106508875739645,New York,NY,36
951,2020-07,Pan,OH,102,6.107843137254902,Ohio,OH,39
952,2020-07,Pan,OK,35,5.9714285714285715,Oklahoma,OK,40
953,2020-07,Pan,OR,47,6.085106382978723,Oregon,OR,41
954,2020-07,Pan,PA,140,5.814285714285714,Pennsylvania,PA,42
955,2020-07,Pan,RI,17,6.0,Rhode Island,RI,44
956,2020-07,Pan,SC,58,6.120689655172414,South Carolina,SC,45
957,2020-07,Pan,SD,10,6.4,South Dakota,SD,46
958,2020-07,Pan,TN,57,5.947368421052632,Tennessee,TN,47
959,2020-07,Pan,TX,266,5.894736842105263,Texas,TX,48
960,2020-07,Pan,UT,29,5.655172413793103,Utah,UT,49
961,2020-07,Pan,VA,90,6.022222222222222,Virginia,VA,51
962,2020-07,Pan,VT,5,6.0,Vermont,VT,50
963,2020-07,Pan,WA,86,5.930232558139535,Washington,WA,53
964,2020-07,Pan,WI,51,5.784313725490196,Wisconsin,WI,55
965,2020-07,Pan,WV,19,5.631578947368421,West Virginia,WV,54
966,2020-07,Pan,WY,5,5.8,Wyoming,WY,56
967,2020-08,Pan,AK,14,5.857142857142857,Alaska,AK,2
968,2020-08,Pan,AL,58,5.913793103448276,Alabama,AL,1
969,2020-08,Pan,AR,18,5.722222222222222,Arkansas,AR,5
970,2020-08,Pan,AZ,78,6.064102564102564,Arizona,AZ,4
971,2020-08,Pan,CA,404,6.014851485148514,California,CA,6
972,2020-08,Pan,CO,54,5.7592592592592595,Colorado,CO,8
973,2020-08,Pan,CT,41,6.146341463414634,Connecticut,CT,9
974,2020-08,Pan,DC,2,6.0,District of Columbia,DC,11
975,2020-08,Pan,DE,14,5.214285714285714,Delaware,DE,10
976,2020-08,Pan,FL,226,5.84070796460177,Florida,FL,12
977,2020-08,Pan,GA,104,5.990384615384615,Georgia,GA,13
978,2020-08,Pan,HI,13,6.076923076923077,Hawaii,HI,15
979,2020-08,Pan,IA,32,3.96875,Iowa,IA,19
980,2020-08,Pan,ID,15,4.133333333333334,Idaho,ID,16
981,2020-08,Pan,IL,124,4.048387096774194,Illinois,IL,17
982,2020-08,Pan,IN,64,5.96875,Indiana,IN,18
983,2020-08,Pan,KS,34,6.029411764705882,Kansas,KS,20
984,2020-08,Pan,KY,42,6.142857142857143,Kentucky,KY,21
985,2020-08,Pan,LA,45,5.888888888888889,Louisiana,LA,22
986,2020-08,Pan,MA,69,4.115942028985507,Massachusetts,MA,25
987,2020-08,Pan,MD,62,4.048387096774194,Maryland,MD,24
988,2020-08,Pan,ME,16,4.5,Maine,ME,23
989,2020-08,Pan,MI,100,3.94,Michigan,MI,26
990,2020-08,Pan,MN,66,5.818181818181818,Minnesota,MN,27
991,2020-08,Pan,MO,54,5.851851851851852,Missouri,MO,29
992,2020-08,Pan,MS,23,6.130434782608695,Mississippi,MS,28
993,2020-08,Pan,MT,11,5.818181818181818,Montana,MT,30
994,2020-08,Pan,NC,92,5.967391304347826,North Carolina,NC,37
995,2020-08,Pan,ND,8,5.375,North Dakota,ND,38
996,2020-08,Pan,NE,20,4.0,Nebraska,NE,31
997,2020-08,Pan,NH,7,5.571428571428571,New Hampshire,NH,33
998,2020-08,Pan,NJ,89,6.033707865168539,New Jersey,NJ,34
999,2020-08,Pan,NM,27,5.851851851851852,New Mexico,NM,35
1000,2020-08,Pan,NV,33,3.8484848484848486,Nevada,NV,32
1001,2020-08,Pan,NY,171,6.04093567251462,New York,NY,36
1002,2020-08,Pan,OH,103,6.019417475728155,Ohio,OH,39
1003,2020-08,Pan,OK,30,5.966666666666667,Oklahoma,OK,40
1004,2020-08,Pan,OR,54,6.018518518518518,Oregon,OR,41
1005,2020-08,Pan,PA,146,5.890410958904109,Pennsylvania,PA,42
1006,2020-08,Pan,RI,10,5.5,Rhode Island,RI,44
1007,2020-08,Pan,SC,53,6.113207547169812,South Carolina,SC,45
1008,2020-08,Pan,SD,14,4.142857142857143,South Dakota,SD,46
1009,2020-08,Pan,TN,61,4.262295081967213,Tennessee,TN,47
1010,2020-08,Pan,TX,294,5.931972789115647,Texas,TX,48
1011,2020-08,Pan,UT,24,4.333333333333333,Utah,UT,49
1012,2020-08,Pan,VA,85,5.9411764705882355,Virginia,VA,51
1013,2020-08,Pan,VT,3,3.3333333333333335,Vermont,VT,50
1014,2020-08,Pan,WA,96,6.072916666666667,Washington,WA,53
1015,2020-08,Pan,WI,50,6.0,Wisconsin,WI,55
1016,2020-08,Pan,WV,26,6.269230769230769,West Virginia,WV,54
1017,2020-08,Pan,WY,1,4.0,Wyoming,WY,56
1018,2020-09,Pan,AK,5,6.4,Alaska,AK,2
1019,2020-09,Pan,AL,49,5.857142857142857,Alabama,AL,1
1020,2020-09,Pan,AR,31,6.290322580645161,Arkansas,AR,5
1021,2020-09,Pan,AZ,85,6.0,Arizona,AZ,4
1022,2020-09,Pan,CA,409,5.963325183374083,California,CA,6
1023,2020-09,Pan,CO,54,6.037037037037037,Colorado,CO,8
1024,2020-09,Pan,CT,33,6.090909090909091,Connecticut,CT,9
1025,2020-09,Pan,DC,8,5.5,District of Columbia,DC,11
1026,2020-09,Pan,DE,7,5.714285714285714,Delaware,DE,10
1027,2020-09,Pan,FL,204,5.931372549019608,Florida,FL,12
1028,2020-09,Pan,GA,104,5.951923076923077,Georgia,GA,13
1029,2020-09,Pan,HI,17,5.647058823529412,Hawaii,HI,15
1030,2020-09,Pan,IA,31,4.129032258064516,Iowa,IA,19
1031,2020-09,Pan,ID,14,5.071428571428571,Idaho,ID,16
1032,2020-09,Pan,IL,133,5.977443609022556,Illinois,IL,17
1033,2020-09,Pan,IN,70,6.071428571428571,Indiana,IN,18
1034,2020-09,Pan,KS,33,5.878787878787879,Kansas,KS,20
1035,2020-09,Pan,KY,42,5.666666666666667,Kentucky,KY,21
1036,2020-09,Pan,LA,47,5.787234042553192,Louisiana,LA,22
1037,2020-09,Pan,MA,69,6.028985507246377,Massachusetts,MA,25
1038,2020-09,Pan,MD,45,6.177777777777778,Maryland,MD,24
1039,2020-09,Pan,ME,12,4.0,Maine,ME,23
1040,2020-09,Pan,MI,92,5.978260869565218,Michigan,MI,26
1041,2020-09,Pan,MN,46,5.934782608695652,Minnesota,MN,27
1042,2020-09,Pan,MO,57,4.035087719298246,Missouri,MO,29
1043,2020-09,Pan,MS,30,6.0,Mississippi,MS,28
1044,2020-09,Pan,MT,14,4.285714285714286,Montana,MT,30
1045,2020-09,Pan,NC,95,6.178947368421053,North Carolina,NC,37
1046,2020-09,Pan,ND,7,3.857142857142857,North Dakota,ND,38
1047,2020-09,Pan,NE,13,3.769230769230769,Nebraska,NE,31
1048,2020-09,Pan,NH,17,6.0588235294117645,New Hampshire,NH,33
1049,2020-09,Pan,NJ,100,5.83,New Jersey,NJ,34
1050,2020-09,Pan,NM,19,5.894736842105263,New Mexico,NM,35
1051,2020-09,Pan,NV,30,4.066666666666666,Nevada,NV,32
1052,2020-09,Pan,NY,227,5.969162995594714,New York,NY,36
1053,2020-09,Pan,OH,115,6.026086956521739,Ohio,OH,39
1054,2020-09,Pan,OK,41,6.195121951219512,Oklahoma,OK,40
1055,2020-09,Pan,OR,48,6.104166666666667,Oregon,OR,41
1056,2020-09,Pan,PA,138,6.028985507246377,Pennsylvania,PA,42
1057,2020-09,Pan,RI,11,5.636363636363637,Rhode Island,RI,44
1058,2020-09,Pan,SC,51,5.901960784313726,South Carolina,SC,45
1059,2020-09,Pan,SD,8,3.875,South Dakota,SD,46
1060,2020-09,Pan,TN,70,4.214285714285714,Tennessee,TN,47
1061,2020-09,Pan,TX,273,4.018315018315018,Texas,TX,48
1062,2020-09,Pan,UT,33,4.03030303030303,Utah,UT,49
1063,2020-09,Pan,VA,84,5.9523809523809526,Virginia,VA,51
1064,2020-09,Pan,VT,8,4.25,Vermont,VT,50
1065,2020-09,Pan,WA,65,6.061538461538461,Washington,WA,53
1066,2020-09,Pan,WI,65,3.7384615384615385,Wisconsin,WI,55
1067,2020-09,Pan,WV,15,5.466666666666667,West Virginia,WV,54
1068,2020-09,Pan,WY,6,6.0,Wyoming,WY,56
1069,2020-10,Pan,AK,9,5.666666666666667,Alaska,AK,2
1070,2020-10,Pan,AL,39,4.410256410256411,Alabama,AL,1
1071,2020-10,Pan,AR,25,4.24,Arkansas,AR,5
1072,2020-10,Pan,AZ,71,5.943661971830986,Arizona,AZ,4
1073,2020-10,Pan,CA,389,4.118251928020565,California,CA,6
1074,2020-10,Pan,CO,58,6.206896551724138,Colorado,CO,8
1075,2020-10,Pan,CT,39,6.0,Connecticut,CT,9
1076,2020-10,Pan,DC,3,5.333333333333333,District of Columbia,DC,11
1077,2020-10,Pan,DE,12,5.666666666666667,Delaware,DE,10
1078,2020-10,Pan,FL,229,5.91703056768559,Florida,FL,12
1079,2020-10,Pan,GA,104,6.0576923076923075,Georgia,GA,13
1080,2020-10,Pan,HI,13,5.846153846153846,Hawaii,HI,15
1081,2020-10,Pan,IA,30,4.1,Iowa,IA,19
1082,2020-10,Pan,ID,14,3.4285714285714284,Idaho,ID,16
1083,2020-10,Pan,IL,123,5.894308943089431,Illinois,IL,17
1084,2020-10,Pan,IN,56,5.821428571428571,Indiana,IN,18
1085,2020-10,Pan,KS,30,4.333333333333333,Kansas,KS,20
1086,2020-10,Pan,KY,31,4.129032258064516,Kentucky,KY,21
1087,2020-10,Pan,LA,40,5.9,Louisiana,LA,22
1088,2020-10,Pan,MA,71,6.140845070422535,Massachusetts,MA,25
1089,2020-10,Pan,MD,71,5.929577464788732,Maryland,MD,24
1090,2020-10,Pan,ME,9,4.111111111111111,Maine,ME,23
1091,2020-10,Pan,MI,99,5.909090909090909,Michigan,MI,26
1092,2020-10,Pan,MN,65,4.0,Minnesota,MN,27
1093,2020-10,Pan,MO,70,4.0285714285714285,Missouri,MO,29
1094,2020-10,Pan,MS,23,6.043478260869565,Mississippi,MS,28
1095,2020-10,Pan,MT,14,4.285714285714286,Montana,MT,30
1096,2020-10,Pan,NC,89,5.876404494382022,North Carolina,NC,37
1097,2020-10,Pan,ND,4,4.5,North Dakota,ND,38
1098,2020-10,Pan,NE,23,3.9130434782608696,Nebraska,NE,31
1099,2020-10,Pan,NH,19,4.368421052631579,New Hampshire,NH,33
1100,2020-10,Pan,NJ,94,5.819148936170213,New Jersey,NJ,34
1101,2020-10,Pan,NM,22,6.2727272727272725,New Mexico,NM,35
1102,2020-10,Pan,NV,36,4.444444444444445,Nevada,NV,32
1103,2020-10,Pan,NY,204,5.980392156862745,New York,NY,36
1104,2020-10,Pan,OH,107,4.037383177570093,Ohio,OH,39
1105,2020-10,Pan,OK,34,4.205882352941177,Oklahoma,OK,40
1106,2020-10,Pan,OR,32,5.90625,Oregon,OR,41
1107,2020-10,Pan,PA,144,6.020833333333333,Pennsylvania,PA,42
1108,2020-10,Pan,RI,4,5.75,Rhode Island,RI,44
1109,2020-10,Pan,SC,53,4.0754716981132075,South Carolina,SC,45
1110,2020-10,Pan,SD,7,4.714285714285714,South Dakota,SD,46
1111,2020-10,Pan,TN,78,6.038461538461538,Tennessee,TN,47
1112,2020-10,Pan,TX,296,5.993243243243243,Texas,TX,48
1113,2020-10,Pan,UT,34,4.029411764705882,Utah,UT,49
1114,2020-10,Pan,VA,92,6.141304347826087,Virginia,VA,51
1115,2020-10,Pan,VT,11,4.090909090909091,Vermont,VT,50
1116,2020-10,Pan,WA,81,5.790123456790123,Washington,WA,53
1117,2020-10,Pan,WI,54,3.9444444444444446,Wisconsin,WI,55
1118,2020-10,Pan,WV,17,5.529411764705882,West Virginia,WV,54
1119,2020-10,Pan,WY,8,3.5,Wyoming,WY,56
1120,2020-11,Pan,AK,6,6.666666666666667,Alaska,AK,2
1121,2020-11,Pan,AL,53,3.943396226415094,Alabama,AL,1
1122,2020-11,Pan,AR,20,3.8,Arkansas,AR,5
1123,2020-11,Pan,AZ,69,5.913043478260869,Arizona,AZ,4
1124,2020-11,Pan,CA,417,4.086330935251799,California,CA,6
1125,2020-11,Pan,CO,53,6.037735849056604,Colorado,CO,8
1126,2020-11,Pan,CT,32,5.9375,Connecticut,CT,9
1127,2020-11,Pan,DC,3,6.333333333333333,District of Columbia,DC,11
1128,2020-11,Pan,DE,12,5.75,Delaware,DE,10
1129,2020-11,Pan,FL,200,4.085,Florida,FL,12
1130,2020-11,Pan,GA,106,5.90566037735849,Georgia,GA,13
1131,2020-11,Pan,HI,12,5.75,Hawaii,HI,15
1132,2020-11,Pan,IA,30,4.066666666666666,Iowa,IA,19
1133,2020-11,Pan,ID,23,4.217391304347826,Idaho,ID,16
1134,2020-11,Pan,IL,117,4.042735042735043,Illinois,IL,17
1135,2020-11,Pan,IN,74,4.283783783783784,Indiana,IN,18
1136,2020-11,Pan,KS,34,3.7941176470588234,Kansas,KS,20
1137,2020-11,Pan,KY,43,6.162790697674419,Kentucky,KY,21
1138,2020-11,Pan,LA,43,6.0,Louisiana,LA,22
1139,2020-11,Pan,MA,72,5.777777777777778,Massachusetts,MA,25
1140,2020-11,Pan,MD,63,5.841269841269841,Maryland,MD,24
1141,2020-11,Pan,ME,15,4.266666666666667,Maine,ME,23
1142,2020-11,Pan,MI,97,5.896907216494846,Michigan,MI,26
1143,2020-11,Pan,MN,63,3.984126984126984,Minnesota,MN,27
1144,2020-11,Pan,MO,83,4.048192771084337,Missouri,MO,29
1145,2020-11,Pan,MS,25,6.16,Mississippi,MS,28
1146,2020-11,Pan,MT,6,3.8333333333333335,Montana,MT,30
1147,2020-11,Pan,NC,131,5.801526717557252,North Carolina,NC,37
1148,2020-11,Pan,ND,7,4.0,North Dakota,ND,38
1149,2020-11,Pan,NE,31,4.387096774193548,Nebraska,NE,31
1150,2020-11,Pan,NH,14,4.0,New Hampshire,NH,33
1151,2020-11,Pan,NJ,85,4.117647058823529,New Jersey,NJ,34
1152,2020-11,Pan,NM,24,4.125,New Mexico,NM,35
1153,2020-11,Pan,NV,33,3.696969696969697,Nevada,NV,32
1154,2020-11,Pan,NY,187,4.106951871657754,New York,NY,36
1155,2020-11,Pan,OH,120,3.966666666666667,Ohio,OH,39
1156,2020-11,Pan,OK,45,3.8444444444444446,Oklahoma,OK,40
1157,2020-11,Pan,OR,58,5.982758620689655,Oregon,OR,41
1158,2020-11,Pan,PA,110,6.045454545454546,Pennsylvania,PA,42
1159,2020-11,Pan,RI,8,6.625,Rhode Island,RI,44
1160,2020-11,Pan,SC,39,6.051282051282051,South Carolina,SC,45
1161,2020-11,Pan,SD,9,3.7777777777777777,South Dakota,SD,46
1162,2020-11,Pan,TN,66,6.0606060606060606,Tennessee,TN,47
1163,2020-11,Pan,TX,275,5.916363636363636,Texas,TX,48
1164,2020-11,Pan,UT,35,4.228571428571429,Utah,UT,49
1165,2020-11,Pan,VA,93,5.881720430107527,Virginia,VA,51
1166,2020-11,Pan,VT,7,4.142857142857143,Vermont,VT,50
1167,2020-11,Pan,WA,81,6.135802469135802,Washington,WA,53
1168,2020-11,Pan,WI,59,4.135593220338983,Wisconsin,WI,55
1169,2020-11,Pan,WV,25,5.72,West Virginia,WV,54
1170,2020-11,Pan,WY,7,4.142857142857143,Wyoming,WY,56
1171,2020-12,Pan,AK,4,6.25,Alaska,AK,2
1172,2020-12,Pan,AL,56,4.160714285714286,Alabama,AL,1
1173,2020-12,Pan,AR,28,4.285714285714286,Arkansas,AR,5
1174,2020-12,Pan,AZ,88,5.988636363636363,Arizona,AZ,4
1175,2020-12,Pan,CA,366,3.980874316939891,California,CA,6
1176,2020-12,Pan,CO,56,6.035714285714286,Colorado,CO,8
1177,2020-12,Pan,CT,34,5.676470588235294,Connecticut,CT,9
1178,2020-12,Pan,DC,6,6.5,District of Columbia,DC,11
1179,2020-12,Pan,DE,12,6.5,Delaware,DE,10
1180,2020-12,Pan,FL,243,4.0,Florida,FL,12
1181,2020-12,Pan,GA,117,6.076923076923077,Georgia,GA,13
1182,2020-12,Pan,HI,12,5.416666666666667,Hawaii,HI,15
1183,2020-12,Pan,IA,30,3.8333333333333335,Iowa,IA,19
1184,2020-12,Pan,ID,14,4.071428571428571,Idaho,ID,16
1185,2020-12,Pan,IL,120,4.075,Illinois,IL,17
1186,2020-12,Pan,IN,76,4.105263157894737,Indiana,IN,18
1187,2020-12,Pan,KS,31,4.0,Kansas,KS,20
1188,2020-12,Pan,KY,34,6.029411764705882,Kentucky,KY,21
1189,2020-12,Pan,LA,39,5.897435897435898,Louisiana,LA,22
1190,2020-12,Pan,MA,64,6.0625,Massachusetts,MA,25
1191,2020-12,Pan,MD,50,5.72,Maryland,MD,24
1192,2020-12,Pan,ME,14,5.714285714285714,Maine,ME,23
1193,2020-12,Pan,MI,77,6.025974025974026,Michigan,MI,26
1194,2020-12,Pan,MN,52,4.1923076923076925,Minnesota,MN,27
1195,2020-12,Pan,MO,58,3.9827586206896552,Missouri,MO,29
1196,2020-12,Pan,MS,24,6.125,Mississippi,MS,28
1197,2020-12,Pan,MT,10,3.8,Montana,MT,30
1198,2020-12,Pan,NC,108,5.953703703703703,North Carolina,NC,37
1199,2020-12,Pan,ND,7,4.0,North Dakota,ND,38
1200,2020-12,Pan,NE,19,4.052631578947368,Nebraska,NE,31
1201,2020-12,Pan,NH,14,3.9285714285714284,New Hampshire,NH,33
1202,2020-12,Pan,NJ,90,5.8,New Jersey,NJ,34
1203,2020-12,Pan,NM,11,6.2727272727272725,New Mexico,NM,35
1204,2020-12,Pan,NV,42,4.119047619047619,Nevada,NV,32
1205,2020-12,Pan,NY,183,5.879781420765028,New York,NY,36
1206,2020-12,Pan,OH,90,6.0,Ohio,OH,39
1207,2020-12,Pan,OK,37,3.972972972972973,Oklahoma,OK,40
1208,2020-12,Pan,OR,39,6.102564102564102,Oregon,OR,41
1209,2020-12,Pan,PA,111,5.936936936936937,Pennsylvania,PA,42
1210,2020-12,Pan,RI,8,5.625,Rhode Island,RI,44
1211,2020-12,Pan,SC,48,5.833333333333333,South Carolina,SC,45
1212,2020-12,Pan,SD,4,4.75,South Dakota,SD,46
1213,2020-12,Pan,TN,60,6.25,Tennessee,TN,47
1214,2020-12,Pan,TX,285,5.898245614035088,Texas,TX,48
1215,2020-12,Pan,UT,26,4.3076923076923075,Utah,UT,49
1216,2020-12,Pan,VA,90,5.822222222222222,Virginia,VA,51
1217,2020-12,Pan,VT,5,3.4,Vermont,VT,50
1218,2020-12,Pan,WA,87,6.091954022988506,Washington,WA,53
1219,2020-12,Pan,WI,63,3.9682539682539684,Wisconsin,WI,55
1220,2020-12,Pan,WV,14,5.857142857142857,West Virginia,WV,54
1221,2020-12,Pan,WY,4,5.5,Wyoming,WY,56
1222,2021-01,Post,AK,9,5.555555555555555,Alaska,AK,2
1223,2021-01,Post,AL,30,3.9,Alabama,AL,1
1224,2021-01,Post,AR,21,5.904761904761905,Arkansas,AR,5
1225,2021-01,Post,AZ,32,6.125,Arizona,AZ,4
1226,2021-01,Post,CA,182,5.9010989010989015,California,CA,6
1227,2021-01,Post,CO,41,6.219512195121951,Colorado,CO,8
1228,2021-01,Post,CT,19,6.2105263157894735,Connecticut,CT,9
1229,2021-01,Post,DC,3,5.666666666666667,District of Columbia,DC,11
1230,2021-01,Post,DE,4,5.0,Delaware,DE,10
1231,2021-01,Post,FL,106,5.9245283018867925,Florida,FL,12
1232,2021-01,Post,GA,53,4.056603773584905,Georgia,GA,13
1233,2021-01,Post,HI,7,4.0,Hawaii,HI,15
1234,2021-01,Post,IA,16,4.1875,Iowa,IA,19
1235,2021-01,Post,ID,9,3.4444444444444446,Idaho,ID,16
1236,2021-01,Post,IL,74,3.972972972972973,Illinois,IL,17
1237,2021-01,Post,IN,42,4.166666666666667,Indiana,IN,18
1238,2021-01,Post,KS,15,5.6,Kansas,KS,20
1239,2021-01,Post,KY,21,6.333333333333333,Kentucky,KY,21
1240,2021-01,Post,LA,24,5.916666666666667,Louisiana,LA,22
1241,2021-01,Post,MA,36,6.0,Massachusetts,MA,25
1242,2021-01,Post,MD,46,6.173913043478261,Maryland,MD,24
1243,2021-01,Post,ME,8,6.375,Maine,ME,23
1244,2021-01,Post,MI,51,5.764705882352941,Michigan,MI,26
1245,2021-01,Post,MN,24,4.125,Minnesota,MN,27
1246,2021-01,Post,MO,34,5.9411764705882355,Missouri,MO,29
1247,2021-01,Post,MS,18,6.277777777777778,Mississippi,MS,28
1248,2021-01,Post,MT,6,4.166666666666667,Montana,MT,30
1249,2021-01,Post,NC,46,6.173913043478261,North Carolina,NC,37
1250,2021-01,Post,ND,2,4.5,North Dakota,ND,38
1251,2021-01,Post,NE,6,3.8333333333333335,Nebraska,NE,31
1252,2021-01,Post,NH,8,3.625,New Hampshire,NH,33
1253,2021-01,Post,NJ,63,4.126984126984127,New Jersey,NJ,34
1254,2021-01,Post,NM,10,4.2,New Mexico,NM,35
1255,2021-01,Post,NV,8,3.625,Nevada,NV,32
1256,2021-01,Post,NY,108,4.212962962962963,New York,NY,36
1257,2021-01,Post,OH,67,5.880597014925373,Ohio,OH,39
1258,2021-01,Post,OK,21,6.0,Oklahoma,OK,40
1259,2021-01,Post,OR,20,6.0,Oregon,OR,41
1260,2021-01,Post,PA,75,5.906666666666666,Pennsylvania,PA,42
1261,2021-01,Post,RI,9,5.888888888888889,Rhode Island,RI,44
1262,2021-01,Post,SC,26,6.1923076923076925,South Carolina,SC,45
1263,2021-01,Post,SD,6,3.6666666666666665,South Dakota,SD,46
1264,2021-01,Post,TN,40,5.9,Tennessee,TN,47
1265,2021-01,Post,TX,154,6.025974025974026,Texas,TX,48
1266,2021-01,Post,UT,16,3.9375,Utah,UT,49
1267,2021-01,Post,VA,53,5.9245283018867925,Virginia,VA,51
1268,2021-01,Post,WA,44,5.545454545454546,Washington,WA,53
1269,2021-01,Post,WI,32,4.40625,Wisconsin,WI,55
1270,2021-01,Post,WV,11,5.818181818181818,West Virginia,WV,54
1271,2021-01,Post,WY,4,5.75,Wyoming,WY,56
1272,2021-02,Post,AL,20,3.95,Alabama,AL,1
1273,2021-02,Post,AR,13,5.6923076923076925,Arkansas,AR,5
1274,2021-02,Post,AZ,32,5.6875,Arizona,AZ,4
1275,2021-02,Post,CA,174,5.931034482758621,California,CA,6
1276,2021-02,Post,CO,22,6.090909090909091,Colorado,CO,8
1277,2021-02,Post,CT,15,5.6,Connecticut,CT,9
1278,2021-02,Post,DC,9,6.222222222222222,District of Columbia,DC,11
1279,2021-02,Post,DE,5,6.2,Delaware,DE,10
1280,2021-02,Post,FL,85,5.811764705882353,Florida,FL,12
1281,2021-02,Post,GA,43,4.4186046511627906,Georgia,GA,13
1282,2021-02,Post,HI,4,3.25,Hawaii,HI,15
1283,2021-02,Post,IA,14,3.9285714285714284,Iowa,IA,19
1284,2021-02,Post,ID,12,4.25,Idaho,ID,16
1285,2021-02,Post,IL,45,4.2,Illinois,IL,17
1286,2021-02,Post,IN,37,3.891891891891892,Indiana,IN,18
1287,2021-02,Post,KS,11,4.0,Kansas,KS,20
1288,2021-02,Post,KY,24,5.583333333333333,Kentucky,KY,21
1289,2021-02,Post,LA,19,6.052631578947368,Louisiana,LA,22
1290,2021-02,Post,MA,33,6.0,Massachusetts,MA,25
1291,2021-02,Post,MD,28,5.821428571428571,Maryland,MD,24
1292,2021-02,Post,ME,4,6.0,Maine,ME,23
1293,2021-02,Post,MI,50,5.78,Michigan,MI,26
1294,2021-02,Post,MN,26,4.423076923076923,Minnesota,MN,27
1295,2021-02,Post,MO,32,6.03125,Missouri,MO,29
1296,2021-02,Post,MS,17,5.588235294117647,Mississippi,MS,28
1297,2021-02,Post,MT,4,4.75,Montana,MT,30
1298,2021-02,Post,NC,39,6.153846153846154,North Carolina,NC,37
1299,2021-02,Post,ND,3,6.0,North Dakota,ND,38
1300,2021-02,Post,NE,9,4.888888888888889,Nebraska,NE,31
1301,2021-02,Post,NH,4,3.75,New Hampshire,NH,33
1302,2021-02,Post,NJ,38,4.157894736842105,New Jersey,NJ,34
1303,2021-02,Post,NM,8,3.75,New Mexico,NM,35
1304,2021-02,Post,NV,9,4.666666666666667,Nevada,NV,32
1305,2021-02,Post,NY,75,4.1066666666666665,New York,NY,36
1306,2021-02,Post,OH,53,5.962264150943396,Ohio,OH,39
1307,2021-02,Post,OK,23,5.739130434782608,Oklahoma,OK,40
1308,2021-02,Post,OR,16,5.9375,Oregon,OR,41
1309,2021-02,Post,PA,56,6.017857142857143,Pennsylvania,PA,42
1310,2021-02,Post,RI,7,6.857142857142857,Rhode Island,RI,44
1311,2021-02,Post,SC,22,5.636363636363637,South Carolina,SC,45
1312,2021-02,Post,SD,5,3.8,South Dakota,SD,46
1313,2021-02,Post,TN,24,3.7916666666666665,Tennessee,TN,47
1314,2021-02,Post,TX,94,6.053191489361702,Texas,TX,48
1315,2021-02,Post,UT,12,4.083333333333333,Utah,UT,49
1316,2021-02,Post,VA,29,6.0344827586206895,Virginia,VA,51
1317,2021-02,Post,VT,6,3.8333333333333335,Vermont,VT,50
1318,2021-02,Post,WA,40,5.95,Washington,WA,53
1319,2021-02,Post,WI,35,4.314285714285714,Wisconsin,WI,55
1320,2021-02,Post,WV,11,6.181818181818182,West Virginia,WV,54
1321,2021-02,Post,WY,4,5.75,Wyoming,WY,56
1322,2021-03,Post,AK,1,6.0,Alaska,AK,2
1323,2021-03,Post,AL,20,3.95,Alabama,AL,1
1324,2021-03,Post,AR,16,4.25,Arkansas,AR,5
1325,2021-03,Post,AZ,38,6.447368421052632,Arizona,AZ,4
1326,2021-03,Post,CA,179,4.078212290502793,California,CA,6
1327,2021-03,Post,CO,35,6.0285714285714285,Colorado,CO,8
1328,2021-03,Post,CT,28,6.142857142857143,Connecticut,CT,9
1329,2021-03,Post,DC,3,5.666666666666667,District of Columbia,DC,11
1330,2021-03,Post,DE,6,6.333333333333333,Delaware,DE,10
1331,2021-03,Post,FL,122,6.090163934426229,Florida,FL,12
1332,2021-03,Post,GA,63,3.888888888888889,Georgia,GA,13
1333,2021-03,Post,HI,3,3.6666666666666665,Hawaii,HI,15
1334,2021-03,Post,IA,14,4.142857142857143,Iowa,IA,19
1335,2021-03,Post,ID,13,4.076923076923077,Idaho,ID,16
1336,2021-03,Post,IL,76,5.828947368421052,Illinois,IL,17
1337,2021-03,Post,IN,28,3.607142857142857,Indiana,IN,18
1338,2021-03,Post,KS,11,3.8181818181818183,Kansas,KS,20
1339,2021-03,Post,KY,31,3.935483870967742,Kentucky,KY,21
1340,2021-03,Post,LA,21,5.9523809523809526,Louisiana,LA,22
1341,2021-03,Post,MA,34,5.823529411764706,Massachusetts,MA,25
1342,2021-03,Post,MD,24,6.125,Maryland,MD,24
1343,2021-03,Post,ME,5,5.4,Maine,ME,23
1344,2021-03,Post,MI,53,5.943396226415095,Michigan,MI,26
1345,2021-03,Post,MN,24,3.6666666666666665,Minnesota,MN,27
1346,2021-03,Post,MO,36,4.111111111111111,Missouri,MO,29
1347,2021-03,Post,MS,18,5.888888888888889,Mississippi,MS,28
1348,2021-03,Post,MT,12,3.9166666666666665,Montana,MT,30
1349,2021-03,Post,NC,60,3.966666666666667,North Carolina,NC,37
1350,2021-03,Post,ND,4,3.75,North Dakota,ND,38
1351,2021-03,Post,NE,8,3.125,Nebraska,NE,31
1352,2021-03,Post,NH,3,3.0,New Hampshire,NH,33
1353,2021-03,Post,NJ,51,3.8823529411764706,New Jersey,NJ,34
1354,2021-03,Post,NM,8,4.25,New Mexico,NM,35
1355,2021-03,Post,NV,12,3.6666666666666665,Nevada,NV,32
1356,2021-03,Post,NY,101,4.089108910891089,New York,NY,36
1357,2021-03,Post,OH,73,3.8493150684931505,Ohio,OH,39
1358,2021-03,Post,OK,19,3.9473684210526314,Oklahoma,OK,40
1359,2021-03,Post,OR,26,5.923076923076923,Oregon,OR,41
1360,2021-03,Post,PA,57,5.9298245614035086,Pennsylvania,PA,42
1361,2021-03,Post,RI,7,5.571428571428571,Rhode Island,RI,44
1362,2021-03,Post,SC,29,3.8275862068965516,South Carolina,SC,45
1363,2021-03,Post,SD,6,4.166666666666667,South Dakota,SD,46
1364,2021-03,Post,TN,26,5.653846153846154,Tennessee,TN,47
1365,2021-03,Post,TX,134,5.835820895522388,Texas,TX,48
1366,2021-03,Post,UT,14,4.142857142857143,Utah,UT,49
1367,2021-03,Post,VA,37,6.054054054054054,Virginia,VA,51
1368,2021-03,Post,VT,1,3.0,Vermont,VT,50
1369,2021-03,Post,WA,44,5.9772727272727275,Washington,WA,53
1370,2021-03,Post,WI,26,3.8076923076923075,Wisconsin,WI,55
1371,2021-03,Post,WV,17,5.9411764705882355,West Virginia,WV,54
1372,2021-03,Post,WY,3,5.333333333333333,Wyoming,WY,56
1373,2021-04,Post,AK,7,6.428571428571429,Alaska,AK,2
1374,2021-04,Post,AL,20,4.05,Alabama,AL,1
1375,2021-04,Post,AR,9,4.111111111111111,Arkansas,AR,5
1376,2021-04,Post,AZ,31,5.870967741935484,Arizona,AZ,4
1377,2021-04,Post,CA,234,4.1068376068376065,California,CA,6
1378,2021-04,Post,CO,25,6.24,Colorado,CO,8
1379,2021-04,Post,CT,12,6.833333333333333,Connecticut,CT,9
1380,2021-04,Post,DC,7,6.0,District of Columbia,DC,11
1381,2021-04,Post,DE,4,6.75,Delaware,DE,10
1382,2021-04,Post,FL,112,6.1875,Florida,FL,12
1383,2021-04,Post,GA,58,3.9827586206896552,Georgia,GA,13
1384,2021-04,Post,HI,4,4.0,Hawaii,HI,15
1385,2021-04,Post,IA,16,3.9375,Iowa,IA,19
1386,2021-04,Post,ID,9,3.888888888888889,Idaho,ID,16
1387,2021-04,Post,IL,65,5.984615384615385,Illinois,IL,17
1388,2021-04,Post,IN,31,4.161290322580645,Indiana,IN,18
1389,2021-04,Post,KS,16,4.625,Kansas,KS,20
1390,2021-04,Post,KY,21,4.333333333333333,Kentucky,KY,21
1391,2021-04,Post,LA,20,5.55,Louisiana,LA,22
1392,2021-04,Post,MA,46,6.021739130434782,Massachusetts,MA,25
1393,2021-04,Post,MD,40,6.2,Maryland,MD,24
1394,2021-04,Post,ME,8,5.625,Maine,ME,23
1395,2021-04,Post,MI,52,4.230769230769231,Michigan,MI,26
1396,2021-04,Post,MN,35,4.314285714285714,Minnesota,MN,27
1397,2021-04,Post,MO,34,4.147058823529412,Missouri,MO,29
1398,2021-04,Post,MS,13,5.923076923076923,Mississippi,MS,28
1399,2021-04,Post,MT,6,4.333333333333333,Montana,MT,30
1400,2021-04,Post,NC,53,3.9245283018867925,North Carolina,NC,37
1401,2021-04,Post,ND,5,3.8,North Dakota,ND,38
1402,2021-04,Post,NE,13,2.8461538461538463,Nebraska,NE,31
1403,2021-04,Post,NH,4,4.25,New Hampshire,NH,33
1404,2021-04,Post,NJ,56,5.982142857142857,New Jersey,NJ,34
1405,2021-04,Post,NM,12,5.833333333333333,New Mexico,NM,35
1406,2021-04,Post,NV,23,2.3043478260869565,Nevada,NV,32
1407,2021-04,Post,NY,100,5.84,New York,NY,36
1408,2021-04,Post,OH,58,4.017241379310345,Ohio,OH,39
1409,2021-04,Post,OK,20,4.45,Oklahoma,OK,40
1410,2021-04,Post,OR,26,5.846153846153846,Oregon,OR,41
1411,2021-04,Post,PA,72,5.986111111111111,Pennsylvania,PA,42
1412,2021-04,Post,RI,8,6.0,Rhode Island,RI,44
1413,2021-04,Post,SC,29,4.0344827586206895,South Carolina,SC,45
1414,2021-04,Post,SD,4,4.0,South Dakota,SD,46
1415,2021-04,Post,TN,34,4.205882352941177,Tennessee,TN,47
1416,2021-04,Post,TX,153,6.078431372549019,Texas,TX,48
1417,2021-04,Post,UT,12,3.4166666666666665,Utah,UT,49
1418,2021-04,Post,VA,40,4.0,Virginia,VA,51
1419,2021-04,Post,VT,3,4.0,Vermont,VT,50
1420,2021-04,Post,WA,52,5.9423076923076925,Washington,WA,53
1421,2021-04,Post,WI,36,3.638888888888889,Wisconsin,WI,55
1422,2021-04,Post,WV,8,6.625,West Virginia,WV,54
1423,2021-04,Post,WY,4,6.25,Wyoming,WY,56
